Tree Number,Date,Collector,Elevation,Waypoints,New Leaves Accessible? (Y/N),Estimated Tree Height (m),CBH (cm),No. of leaves removed,Photo Numbers,0%,<5%,5-33%,>33%,Family,Species,Genus,Species code,Field Note,#specimens,pinned,accession no,sep for barcoding,barcoding success
700 - 0797,06-Jul-13,N.Plowman,700,820,N,10.5,24,3,8566-8568,NA,NA,NA,NA,Myristicaceae,Myristica sp. (brown),Anonychomyrma,ANON009,,50,,,,
700 - 0757,05-Jul-13,N.Plowman,700,780,N,10,29.8,0,"266,267",NA,NA,NA,NA,Meliaceae,Chisocheton lasiocarpus,UNOCCUPIED,UNOCCUPIED,,,,,,
700 - 0728,05-Jul-13,N.Plowman,700,751,N,9,28.3,0,"204,205",NA,NA,NA,NA,Meliaceae,Chisocheton lasiocarpus,Anonychomyrma,ANON002,,28,,,,
700 - 0754,05-Jul-13,N.Plowman,700,777,N,8.3,29.9,0,"261,262",NA,NA,NA,NA,Meliaceae,Chisocheton lasiocarpus,Anonychomyrma,ANON009,,15,,,,
700 - 0738,05-Jul-13,N.Plowman,700,761,N,7.4,24,0,"233,234",NA,NA,NA,NA,Meliaceae,Chisocheton lasiocarpus,Anonychomyrma,ANON009,,30,,,,
700 - 0734,05-Jul-13,N.Plowman,700,757,N,6.5,13.5,2,224-225,NA,NA,NA,NA,Meliaceae,Chisocheton lasiocarpus,Podomyrma,PODO003,,8,,,,
700 - 0741,05-Jul-13,N.Plowman,700,764,N,6.5,19.8,0,240-242,NA,NA,NA,NA,Achariaceae,Ryparosa amplifolia,Anonychomyrma,ANON009,,30,,,,
700 - 0250,05-Jul-13,N.Plowman,700,250,Y,6.3,28.1,2,,0,0,1,49,Myristicaceae,Myristica subalulata,Anonychomyrma,ANON009,,30,,,y,y
700 - 0777,05-Jul-13,N.Plowman,700,800,N,5.9,18.5,1,290,NA,NA,NA,NA,Myristicaceae,Myristica subalulata,Anonychomyrma,ANON009,,50,,,,
700 - 0729,05-Jul-13,N.Plowman,700,752,N,5.7,21.1,0,"206,207",NA,NA,NA,NA,Achariaceae,Ryparosa amplifolia,Anonychomyrma,ANON002,,40,,,y,y
700 - 0787,06-Jul-13,N.Plowman,700,810,N,5.6,18,3,"85,428,543",0,0,3,47,Myristicaceae,Myristica subalulata,Anonychomyrma,ANON009,,30,,,,
700 - 0742,05-Jul-13,N.Plowman,700,765,N,5.5,14,1,"243,244",1,3,26,19,Myristicaceae,Myristica subalulata,Anonychomyrma,ANON009,,,,,,
700 - 0735,05-Jul-13,N.Plowman,700,758,N,5.3,13.5,2,228,NA,NA,NA,NA,Meliaceae,Chisocheton lasiocarpus,Podomyrma,PODO003,,15,,,,
700 - 0823,06-Jul-13,N.Plowman,700,846,N,5.3,13.9,0,"86,058,606",NA,NA,NA,NA,Achariaceae,Ryparosa amplifolia,Podomyrma,PODO003,,10,,,,
700 - 0799,06-Jul-13,N.Plowman,700,822,N,5.2,16.1,0,8570-8572,NA,NA,NA,NA,Meliaceae,Chisocheton lasiocarpus,Anonychomyrma,ANON009,,25,,,,
700 - 0761,05-Jul-13,N.Plowman,700,784,N,5.1,14.5,0,271,NA,NA,NA,NA,Myristicaceae,Myristica subalulata,UNOCCUPIED,UNOCCUPIED,,,,,,
700 - 0819,06-Jul-13,N.Plowman,700,842,N,4.7,11.4,0,8601,NA,NA,NA,NA,Achariaceae,Ryparosa amplifolia,Podomyrma,PODO003,,15,,,,
700 - 0800,06-Jul-13,N.Plowman,700,823,N,4.6,9.7,0,"85,738,574",0,16,30,9,Sapindaceae,Ganophyllum falcatum,Anonychomyrma,ANON009,,20,,,,
700 - 0256,06-Jul-13,N.Plowman,700,256,Y,4.5,9.7,3,,1,7,25,17,Myristicaceae,Myristica subalulata,Anonychomyrma,ANON009,,30,,,,
700 - 0776,05-Jul-13,N.Plowman,700,799,N,4.5,13.5,1,"288,289",NA,NA,NA,NA,Achariaceae,Ryparosa amplifolia,Podomyrma,PODO003,,12,,,,
700 - 0730,05-Jul-13,N.Plowman,700,753,N,4.3,10.3,0,"208,209",5,4,30,8,Achariaceae,Ryparosa amplifolia,Podomyrma,PODO003,,20,,,,
700 - 0743,05-Jul-13,N.Plowman,700,766,N,4,6.6,0,245,1,3,6,0,Euphorbiaceae,Endospermum moluccanum,Camponotus,CAMP013,,5,3,NA0004,y,y
700 - 0731,05-Jul-13,N.Plowman,700,754,N,3.8,8.3,2,"210,211",0,0,25,14,Meliaceae,Chisocheton lasiocarpus,Podomyrma,PODO003,,5,,,,
700 - 0744,05-Jul-13,N.Plowman,700,767,N,3.8,9.3,2,246-248,6,9,24,2,Sapindaceae,Harpullia longipetala,Anonychomyrma,ANON002,,20,,,,
700 - 0822,06-Jul-13,N.Plowman,700,845,N,3.7,6.7,3,8604,0,0,20,12,Achariaceae,Ryparosa amplifolia,Podomyrma,PODO003,,12,,,,
700 - 0737,05-Jul-13,N.Plowman,700,760,N,3.6,12.7,1,"231,232",0,0,12,5,Meliaceae,Chisocheton lasiocarpus,Anonychomyrma,ANON009,,25,,,,
700 - 0792,06-Jul-13,N.Plowman,700,815,N,3.6,6,3,"85,558,556",NA,NA,NA,NA,Sapindaceae,Harpullia longipetala,Podomyrma,PODO003,,5,,,,
700 - 0770,05-Jul-13,N.Plowman,700,793,N,3.6,8.3,2,"280,281",7,10,17,1,Lauraceae,Litsea sp.,Anonychomyrma,ANON009,,20,,,,
700 - 0791,06-Jul-13,N.Plowman,700,814,N,3.6,4.9,3,"85,538,554",NA,NA,NA,NA,Sapindaceae,Pometia pinnata,Anonychomyrma,ANON009,,10,,,,
700 - 0739,05-Jul-13,N.Plowman,700,762,Y,3.5,7.8,3,"235,236",0,7,27,3,Achariaceae,Ryparosa amplifolia,Anonychomyrma,ANON009,,20,,,,
700 - 0769,05-Jul-13,N.Plowman,700,792,N,3.5,5.7,2,279,0,12,20,0,Achariaceae,Ryparosa amplifolia,Anonychomyrma,ANON009,,20,,,,
700 - 0779,06-Jul-13,N.Plowman,700,802,N,3.5,6.1,3,"85,228,523",2,5,28,5,Achariaceae,Ryparosa amplifolia,Podomyrma,PODO003,,7,,,,
700 - 0257,06-Jul-13,N.Plowman,700,257,N,3.3,6,0,?,5,6,8,2,Euphorbiaceae,Endospermum moluccanum,Camponotus,CAMP013,,10,,,,
700 - 0255,06-Jul-13,N.Plowman,700,255,N,3.2,4.5,2,,2,11,8,1,Lauraceae,Cryptocarya depressa,Anonychomyrma,ANON009,,20,,,,
700 - 0254,06-Jul-13,N.Plowman,700,254,N,3.2,4.9,3,,1,11,34,4,Achariaceae,Ryparosa amplifolia,Anonychomyrma,ANON009,,20,,,,
700 - 0798,06-Jul-13,N.Plowman,700,821,N,3,5.6,2,8569,0,0,25,7,Meliaceae,Chisocheton lasiocarpus,Anonychomyrma,ANON009,,,,,,
700 - 0817,06-Jul-13,N.Plowman,700,840,N,3,5.3,2,8598,0,8,20,6,Meliaceae,Chisocheton lasiocarpus,Podomyrma,PODO003,,6,,,,
700 - 0768,05-Jul-13,N.Plowman,700,791,N,3,5.6,2,278,10,5,16,0,Sapindaceae,Pometia pinnata,Anonychomyrma,ANON009,,20,,,,
700 - 0782,06-Jul-13,N.Plowman,700,805,N,2.7,4.7,3,"85,328,533",NA,NA,NA,NA,Meliaceae,Chisocheton lasiocarpus,Anonychomyrma,ANON009,,20,,,,
700 - 0785,06-Jul-13,N.Plowman,700,808,Y,2.7,4.2,2,8539,4,13,9,10,Achariaceae,Ryparosa amplifolia,Anonychomyrma,ANON009,,20,,,,
700 - 0771,05-Jul-13,N.Plowman,700,794,N,2.6,4.9,2,"282,283",6,8,35,3,Meliaceae,Aglaia sp.,Anonychomyrma,ANON009,,20,,,,
700 - 0807,06-Jul-13,N.Plowman,700,830,Y,2.5,3.9,1,"85,868,587",0,5,4,5,Achariaceae,Ryparosa amplifolia,Podomyrma,PODO003,,8,,,,
700 - 0814,06-Jul-13,N.Plowman,700,837,N,2.5,5.5,2,8595,0,0,17,5,Achariaceae,Ryparosa amplifolia,Podomyrma,PODO003,,8,,,,
700 - 0745,05-Jul-13,N.Plowman,700,768,N,2.4,5.3,2,"249,250",0,1,17,2,Sapindaceae,Harpullia longipetala,Anonychomyrma,ANON002,,6,,,,
700 - 0766,05-Jul-13,N.Plowman,700,789,Y,2.3,4.5,0,276,1,2,1,3,Achariaceae,Ryparosa amplifolia,UNOCCUPIED,UNOCCUPIED,,,,,,
700 - 0753,05-Jul-13,N.Plowman,700,776,N,2.2,6.5,3,260,0,0,25,7,Meliaceae,Chisocheton lasiocarpus,Anonychomyrma,ANON009,,15,,,,
700 - 0748,05-Jul-13,N.Plowman,700,771,N,2.2,2.9,3,253-255,0,1,30,1,Sapindaceae,Harpullia longipetala,Anonychomyrma,ANON002,"hiding on first patrol, resampled ant in August",6,,,,
700 - 0774,05-Jul-13,N.Plowman,700,797,N,2.1,8.6,1,286,4,4,9,4,Achariaceae,Ryparosa amplifolia,Anonychomyrma,ANON009,,20,,,,
700 - 0260,06-Jul-13,N.Plowman,700,260,Y,2.1,2.6,1,,0,0,9,4,Achariaceae,Ryparosa amplifolia,Podomyrma,PODO003,,2,,,,
700 - 0805,06-Jul-13,N.Plowman,700,828,Y,2.1,2.8,2,"85,838,583",1,1,13,7,Achariaceae,Ryparosa amplifolia,Podomyrma,PODO003,,8,,,,
700 - 0820,06-Jul-13,N.Plowman,700,843,N,2.1,5.5,1,8602,0,0,11,4,Achariaceae,Ryparosa amplifolia,Podomyrma,PODO003,,10,,,,
700 - 0752,05-Jul-13,N.Plowman,700,775,N,2.1,5.7,3,259,0,1,8,6,Meliaceae,Chisocheton lasiocarpus,UNOCCUPIED,UNOCCUPIED,,,,,,
700 - 0804,06-Jul-13,N.Plowman,700,827,N,2,3.3,2,"858,185,828,583",NA,NA,NA,NA,Sapindaceae,Harpullia longipetala,Anonychomyrma,ANON002,"no sample on first patrol, resampled ant in August",,,,,
700 - 0810,06-Jul-13,N.Plowman,700,833,N,1.8,2.5,2,8591,0,1,15,3,Achariaceae,Ryparosa amplifolia,Anonychomyrma,ANON009,`,5,,,,
700 - 0780,06-Jul-13,N.Plowman,700,803,Y,1.7,2.3,2,"85,248,525",0,7,5,1,Achariaceae,Ryparosa amplifolia,Anonychomyrma,ANON009,Caterpillar photos,12,,,,
700 - 0783,06-Jul-13,N.Plowman,700,806,Y,1.7,2.3,1,"85,348,535",0,8,3,3,Achariaceae,Ryparosa amplifolia,Anonychomyrma,ANON009,,10,,,,
700 - 0262,06-Jul-13,N.Plowman,700,262,N,1.6,3,3,,0,0,20,10,Meliaceae,Chisocheton montanus,Podomyrma,PODO003,,7,,,,
700 - 0756,05-Jul-13,N.Plowman,700,779,Y,1.6,0,2,265,0,0,11,18,Meliaceae,Chisocheton lasiocarpus,Podomyrma,PODO003,,1,,,,
700 - 0821,06-Jul-13,N.Plowman,700,844,Y,1.6,3.1,2,8603,0,9,13,2,Meliaceae,Chisocheton lasiocarpus,Podomyrma,PODO003,,0,,,,
700 - 0251,05-Jul-13,N.Plowman,700,251,Y,1.6,0,2,,0,2,9,20,Myristicaceae,Myristica subalulata,Anonychomyrma,ANON009,,20,,,,
700 - 0813,06-Jul-13,N.Plowman,700,836,Y,1.6,0,1,8594,0,9,6,0,Achariaceae,Ryparosa amplifolia,Podomyrma,PODO003,,3,,,,
700 - 0816,06-Jul-13,N.Plowman,700,839,N,1.6,2.9,2,8597,0,9,12,0,Achariaceae,Ryparosa amplifolia,Anonychomyrma,ANON001,,7,,,,
700 - 0750,05-Jul-13,N.Plowman,700,773,Y,1.5,0,1,257,0,1,14,2,Achariaceae,Ryparosa amplifolia,UNOCCUPIED,UNOCCUPIED,,,,,,
700 - 0811,06-Jul-13,N.Plowman,700,834,Y,1.5,0,1,8592,3,2,1,0,Achariaceae,Ryparosa amplifolia,UNOCCUPIED,UNOCCUPIED,,,,,,
700 - 0824,06-Jul-13,N.Plowman,700,847,N,1.5,0,3,"86,078,608",0,0,9,5,Meliaceae,Chisocheton lasiocarpus,Podomyrma,PODO003,,3,,,,
700 - 0789,06-Jul-13,N.Plowman,700,812,Y,1.5,0,3,8546-8548,0,6,18,4,Achariaceae,Ryparosa amplifolia,Podomyrma,PODO003,,8,,,,
700 - 0765,05-Jul-13,N.Plowman,700,788,N,1.4,0,1,275,0,0,9,0,Achariaceae,Ryparosa amplifolia,UNOCCUPIED,UNOCCUPIED,,,,,,
700 - 0795,06-Jul-13,N.Plowman,700,818,Y,1.4,0,2,"85,638,564",0,3,10,4,Myristicaceae,Myristica subalulata,UNOCCUPIED,UNOCCUPIED,,,,,,
700 - 0736,05-Jul-13,N.Plowman,700,759,Y,1.4,0,2,"229,230",0,0,15,3,Achariaceae,Ryparosa amplifolia,Podomyrma,PODO003,,10,,,,
700 - 0763,05-Jul-13,N.Plowman,700,786,Y,1.3,0,2,273,0,1,12,4,Meliaceae,Chisocheton lasiocarpus,UNOCCUPIED,UNOCCUPIED,,,,,,
700 - 0764,05-Jul-13,N.Plowman,700,787,N,1.3,0,1,274,0,1,10,1,Achariaceae,Ryparosa amplifolia,UNOCCUPIED,UNOCCUPIED,,,,,,
700 - 0812,06-Jul-13,N.Plowman,700,835,N,1.3,0,1,8593,0,5,2,0,Achariaceae,Ryparosa amplifolia,UNC,UNC,no sample,0,,,,
700 - 0802,06-Jul-13,N.Plowman,700,825,Y,1.3,0,3,"85,778,578",4,3,18,14,Achariaceae,Ryparosa amplifolia,UNOCCUPIED,UNOCCUPIED,,,,,,
700 - 0259,06-Jul-13,N.Plowman,700,259,Y,1.3,0,3,,2,0,24,20,Lauraceae,Cryptocarya idenburgensis,Podomyrma,PODO003,,7,,,,
700 - 0788,06-Jul-13,N.Plowman,700,811,Y,1.3,0,3,"85,448,545",3,13,25,6,Myristicaceae,Horsfieldia sp.,Anonychomyrma,ANON009,,10,,,,
700 - 0784,06-Jul-13,N.Plowman,700,807,Y,1.2,0,1,8538,2,3,2,0,Achariaceae,Ryparosa amplifolia,Anonychomyrma,ANON009,,5,,,,
700 - 0772,05-Jul-13,N.Plowman,700,795,Y,1.1,0,1,284,0,0,11,1,Achariaceae,Ryparosa amplifolia,Anonychomyrma,ANON009,,2,,,,
700 - 0253,05-Jul-13,N.Plowman,700,253,N,1.1,0,3,,0,0,18,6,Achariaceae,Ryparosa amplifolia,Podomyrma,PODO003,,9,,,,
700 - 0747,05-Jul-13,N.Plowman,700,770,Y,1,0,1,252,0,2,10,0,Achariaceae,Ryparosa amplifolia,UNOCCUPIED,UNOCCUPIED,,,,,,
700 - 0806,06-Jul-13,N.Plowman,700,829,Y,1,0,1,8685,0,3,2,1,Achariaceae,Ryparosa amplifolia,Anonychomyrma,UNOCCUPIED,,,,,,
700 - 0732,05-Jul-13,N.Plowman,700,755,Y,1,0,2,212-222,NA,NA,NA,NA,Meliaceae,Chisocheton lasiocarpus,Podomyrma,PODO003,4 young offshoots from horizontal trunk,15,3,NA0009,y,y
700 - 0808,06-Jul-13,N.Plowman,700,831,N,1,0,2,"85,888,589",NA,NA,NA,NA,Lauraceae,Cryptocarya idenburgensis,Podomyrma,PODO003,,6,,,,
700 - 0740,05-Jul-13,N.Plowman,700,763,Y,1,0,2,237-239,0,1,13,13,Myristicaceae,Myristica subalulata,Anonychomyrma,ANON009,,15,,,,
700 - 0790,06-Jul-13,N.Plowman,700,813,Y,1,0,1,8549-8552,2,1,3,2,Achariaceae,Ryparosa amplifolia,Anonychomyrma,ANON009,,10,,,,
700 - 0815,06-Jul-13,N.Plowman,700,838,Y,1,0,1,8596,1,2,2,1,Achariaceae,Ryparosa amplifolia,Podomyrma,PODO003,,0,,,,
700 - 0781,06-Jul-13,N.Plowman,700,804,N,0.9,0,1,"85,308,531",0,2,7,2,Achariaceae,Ryparosa amplifolia,Anonychomyrma,UNC,No ant sample,0,,,,
700 - 0786,06-Jul-13,N.Plowman,700,809,N,0.9,0,1,"85,408,541",0,0,3,8,Meliaceae,Chisocheton lasiocarpus,Anonychomyrma,ANON009,,10,,,,
700 - 0809,06-Jul-13,N.Plowman,700,832,N,0.9,0,1,8590,0,3,6,2,Achariaceae,Ryparosa amplifolia,Podomyrma,PODO003,,4,,,,
700 - 0733,05-Jul-13,N.Plowman,700,756,N,0.8,0,1,223,0,2,7,2,Achariaceae,Ryparosa amplifolia,Anonychomyrma,UNC,hiding,0,,,,
700 - 0773,05-Jul-13,N.Plowman,700,796,Y,0.7,0,1,285,1,5,5,1,Meliaceae,Chisocheton lasiocarpus,Anonychomyrma,ANON009,,6,,,,
700 - 0803,06-Jul-13,N.Plowman,700,826,Y,0.7,0,1,"85,798,580",3,0,1,5,Myristicaceae,Myristica subalulata,Anonychomyrma,ANON002,,6,,,,
700 - 0778,06-Jul-13,N.Plowman,700,801,Y,0.5,0,3,"85,208,521",0,2,7,14,Myristicaceae,Myristica subalulata,Anonychomyrma,ANON009,,20,,,,
800 - 0354,19-Jun-13,N.Plowman,800,377,Y,NA,NA,,"78,737,874",10,16,19,11,Meliaceae,Chisocheton lasiocarpus,Anonychomyrma,ANON012,,20,,,,
800 - 0532,26-Jun-13,N.Plowman,800,555,N,10.5,19.4,2,8169-8171,NA,NA,NA,NA,Achariaceae,Ryparosa amplifolia,Anonychomyrma,ANON012,running the length of trunk,10,,,,
800 - 0320,18-Jun-13,N.Plowman,800,338,N,10,21,,"78,057,806",NA,NA,NA,NA,Achariaceae,Ryparosa amplifolia,Anonychomyrma,ANON012,,12,,,,
800 - 0484,25-Jun-13,N.Plowman,800,507,N,9,30.6,0,8109,NA,NA,NA,NA,Achariaceae,Ryparosa amplifolia,NA,UNOCCUPIED,,0,,,,
800 - 0563,27-Jun-13,N.Plowman,800,586,N,8.5,17.3,3,8210-8212,NA,NA,NA,NA,Sapindaceae,Mischocarpus sp.,Anonychomyrma,ANON009,"Podomyrma spotted, maybe forager?",8,,,,
800 - 0486,25-Jun-13,N.Plowman,800,509,N,8.5,30.8,0,"81,118,112",NA,NA,NA,NA,Meliaceae,Chisocheton lasiocarpus,NA,UNOCCUPIED,,0,,,,
800 - 0363,22-Jun-13,N.Plowman,800,386,N,8,18.7,,"79,007,901",NA,NA,NA,NA,Meliaceae,Chisocheton lasiocarpus,NA,UNOCCUPIED,too high to reac h,0,,,,
800 - 0590,27-Jun-13,N.Plowman,800,613,N,7.5,14,0,8240-8243,NA,NA,NA,NA,Achariaceae,Ryparosa amplifolia,Anonychomyrma,ANON009,,5,,,,
800 - 0559,27-Jun-13,N.Plowman,800,582,N,7.5,11.2,0,"82,048,205",NA,NA,NA,NA,Lauraceae,Cryptocarya depressa,Anonychomyrma,UNC,rubbish photo for plant id,0,,,,
800 - 0505,26-Jun-13,N.Plowman,800,528,Y,6.5,17.2,0,"81,388,139",0,0,23,14,Myristicaceae,Myristica subalulata,UNOCCUPIED,UNOCCUPIED,,,,,,
800 - 0552,27-Jun-13,N.Plowman,800,575,N,6.5,17,0,"81,968,197",0,10,20,10,Myristicaceae,Myristica subalulata,NA,UNOCCUPIED,,0,,,,
800 - 0550,27-Jun-13,N.Plowman,800,573,N,5.6,11.5,0,"81,928,193",0,0,25,5,Meliaceae,Chisocheton lasiocarpus,NA,UNOCCUPIED,,0,,,,
800 - 0457,25-Jun-13,N.Plowman,800,480,N,5.5,12.2,1,"80,748,074",0,0,15,14,Meliaceae,Chisocheton lasiocarpus,UNOCCUPIED,UNOCCUPIED,,,,,,
800 - 0332,18-Jun-13,N.Plowman,800,350,N,5.5,16.3,,"78,317,832",6,4,19,7,Meliaceae,Chisocheton lasiocarpus,Anonychomyrma,ANON012,,5,,,,
800 - 0319,18-Jun-13,N.Plowman,800,337,N,5.1,9.5,,"78,037,804",0,12,12,11,Meliaceae,Chisocheton lasiocarpus,Podomyrma,PODO003,,12,,,,
800 - 0360,22-Jun-13,N.Plowman,800,383,Y,5,9.6,,"78,947,895",2,7,10,9,Meliaceae,Aglaia sp.,Podomyrma,PODO003,,20,,,,
800 - 0355,19-Jun-13,N.Plowman,800,378,N,5,7.5,,"78,757,876",NA,NA,NA,NA,Meliaceae,Chisocheton lasiocarpus,Anonychomyrma,ANON012,,8,,,,
800 - 0341,19-Jun-13,N.Plowman,800,359,N,5,5.2,,"78,457,846",NA,NA,NA,NA,Achariaceae,Ryparosa amplifolia,Anonychomyrma,ANON012,`,12,,,,
800 - 0321,18-Jun-13,N.Plowman,800,339,N,5,7.5,,"78,077,808",0,13,16,0,Achariaceae,Ryparosa amplifolia,Podomyrma,PODO003,,3,,,,
800 - 0508,26-Jun-13,N.Plowman,800,531,Y,4.8,9.2,0,"81,428,143",NA,NA,NA,NA,Achariaceae,Ryparosa amplifolia,NA,UNC,ants in crown - no sample,0,,,,
800 - 0318,18-Jun-13,N.Plowman,800,336,N,4.5,7.3,,"78,017,802",0,16,10,6,Achariaceae,Ryparosa amplifolia,UNOCCUPIED,UNOCCUPIED,,,,,,
800 - 0458,25-Jun-13,N.Plowman,800,481,N,4.5,17.6,2,"80,768,077",NA,NA,NA,NA,Meliaceae,Chisocheton lasiocarpus,NA,UNC,ants in crown - no sample,0,,,,
800 - 0529,26-Jun-13,N.Plowman,800,552,N,4.5,10.3,0,"81,658,166",0,0,21,12,Myristicaceae,Myristica subalulata,UNOCCUPIED,UNOCCUPIED,,,,,,
800 - 0334,18-Jun-13,N.Plowman,800,352,N,4.5,13.3,,"78,337,834",9,10,25,10,Meliaceae,Chisocheton lasiocarpus,Anonychomyrma,ANON012,,12,,,,
800 - 0359,22-Jun-13,N.Plowman,800,382,N,4.5,6.8,,"78,917,893",0,6,15,3,Achariaceae,Ryparosa amplifolia,Podomyrma,PODO003,,6,,,,
800 - 0445,25-Jun-13,N.Plowman,800,468,N,4,13,3,"80,548,055",NA,NA,NA,NA,Meliaceae,Chisocheton lasiocarpus,Anonychomyrma&Podomyrma,ANON012,"Anon&Podo seen on crown, no sample",5,,,,
800 - 0349,19-Jun-13,N.Plowman,800,372,Y,4,9.5,,"78,637,864",6,23,11,3,Lauraceae,Cryptocarya depressa,Anonychomyrma,ANON012,,20,,,,
800 - 0571,27-Jun-13,N.Plowman,800,594,N,4,8.9,0,"82,208,221",5,18,14,3,Myristicaceae,Myristica subalulata,Anonychomyrma,ANON012,,6,,,,
800 - 0487,25-Jun-13,N.Plowman,800,510,N,3.9,7.3,0,8113,0,2,20,6,Meliaceae,Chisocheton lasiocarpus,Anonychomyrma,ANON012,,8,,,,
800 - 0455,25-Jun-13,N.Plowman,800,478,N,3.7,7.3,0,"80,718,072",0,1,13,7,Meliaceae,Chisocheton lasiocarpus,UNOCCUPIED,UNOCCUPIED,,,,,,
800 - 0493,26-Jun-13,N.Plowman,800,516,N,3.7,9.1,2,"81,228,123",NA,NA,NA,NA,Lauraceae,Litsea sp.,Anonychomyrma,ANON012,mostly in crown,15,,,,
800 - 0598,27-Jun-13,N.Plowman,800,621,N,3.7,6.2,0,"82,548,255",3,22,5,0,Myristicaceae,Myristica subalulata,Anonychomyrma,ANON012,Polyrhachis foraging,8,,,,
800 - 0234,22-Jun-13,N.Plowman,800,234,,3.5,6.3,,9092-3,,,,,Achariaceae,Ryparosa amplifolia,Anonychomyrma,ANON012,No sample but present - collected on Jimmy patrol and resampled in Aug,12,,,,
800 - 0436,25-Jun-13,N.Plowman,800,459,N,3.5,10.6,1,"80,358,036",9,10,4,0,Achariaceae,Ryparosa amplifolia,Anonychomyrma,ANON012,,6,,,,
800 - 0333,18-Jun-13,N.Plowman,800,351,Y,3.4,8,,"78,297,830",4,1,20,8,Meliaceae,Chisocheton lasiocarpus,Anonychomyrma,ANON001,,15,,,,
800 - 0343,19-Jun-13,N.Plowman,800,361,N,3.3,8,,"78,497,850",2,14,24,5,Meliaceae,Chisocheton lasiocarpus,Anonychomyrma,ANON012,,,,,,
800 - 0351,19-Jun-13,N.Plowman,800,374,N,3,4.5,,"78,677,868",0,2,11,6,Meliaceae,Chisocheton lasiocarpus,Anonychomyrma,ANON012,,15,,,,
800 - 0328,18-Jun-13,N.Plowman,800,346,Y,3,10.1,,"78,217,822",11,5,13,2,Achariaceae,Ryparosa amplifolia,Anonychomyrma,ANON001,,,,,,
800 - 0329,18-Jun-13,N.Plowman,800,347,N,3,6.5,,"78,237,824",1,3,24,4,Myristicaceae,Myristica subalulata,Anonychomyrma,ANON012,,15,,,,
800 - 0362,22-Jun-13,N.Plowman,800,385,N,3,4.7,,"78,987,899",0,15,27,7,Achariaceae,Ryparosa amplifolia,Anonychomyrma,ANON012,,15,,,,
800 - 0551,27-Jun-13,N.Plowman,800,574,Y,2.7,NA,3,"81,948,195",0,0,15,8,Meliaceae,Chisocheton lasiocarpus,Podomyrma,PODO003,,,,,,
800 - 0238,22-Jun-13,N.Plowman,800,238,Y,2.6,5.7,,9098,3,10,9,15,Meliaceae,Chisocheton ceramicus,Anonychomyrma,UNC,,,,,,
1600 - 1038,01-Aug-13,N.Plowman,1600,1078,N,1,0,1,9119-9120,0,0,5,6,Myristicaceae,Myristica subalulata,UNOCCUPIED,UNOCCUPIED,brownish leaves,,,,,
800 - 0502,26-Jun-13,N.Plowman,800,525,N,2.6,8.7,2,"81,338,134",0,3,12,2,Meliaceae,Chisocheton lasiocarpus,Podomyrma,PODO003,polyrhachis foraging,3,,,,
800 - 0591,27-Jun-13,N.Plowman,800,614,N,2.6,8,3,"82,448,245",NA,NA,NA,NA,Lauraceae,Cryptocarya viridiflora,Anonychomyrma,ANON012,,20,,,,
800 - 0358,19-Jun-13,N.Plowman,800,381,Y,2.5,4.4,,"78,827,884",11,10,16,6,Meliaceae,Chisocheton lasiocarpus,UNOCCUPIED,UNOCCUPIED,,,,,,
800 - 0597,27-Jun-13,N.Plowman,800,620,N,2.4,5.8,2,8253,0,0,17,3,Meliaceae,Chisocheton lasiocarpus,Anonychomyrma,ANON012,,12,,,,
800 - 0353,19-Jun-13,N.Plowman,800,376,Y,2.4,2.3,,"78,717,872",0,9,14,12,Lauraceae,Cryptocarya albifrons,Anonychomyrma,ANON012,,10,,,,
800 - 0327,18-Jun-13,N.Plowman,800,345,N,2.4,0,,"78,177,818",0,6,10,5,Achariaceae,Ryparosa amplifolia,Podomyrma,PODO003,,6,,,,
800 - 0235,22-Jun-13,N.Plowman,800,235,,2.3,4.2,,"90,909,091",,,,,Myristicaceae,Myristica subalulata,Anonychomyrma,ANON012,No sample but present - collected on Jimmy patrol and resampled in Aug,10,,,,
800 - 0345,19-Jun-13,N.Plowman,800,363,N,2.2,5.7,,"78,557,856",0,2,25,1,Meliaceae,Chisocheton lasiocarpus,Anonychomyrma,ANON001,,16,,,,
800 - 0538,26-Jun-13,N.Plowman,800,561,Y,2.1,5.3,3,"81,778,178",2,3,35,14,Lauraceae,Litsea sp.,Anonychomyrma,ANON012,,8,,,,
800 - 0344,19-Jun-13,N.Plowman,800,362,N,2.1,2.2,,"78,517,852",2,6,2,0,Achariaceae,Ryparosa amplifolia,Anonychomyrma,ANON012,,5,,,,
800 - 0236,22-Jun-13,N.Plowman,800,236,,2.1,3.3,,"90,949,095",,,,,Achariaceae,Ryparosa amplifolia,Anonychomyrma,ANON012,No sample but present - collected on Jimmy patrol and resampled in Aug,15,,,,
800 - 0237,22-Jun-13,N.Plowman,800,237,,2,3.3,,"90,969,097",,,,,Lauraceae,Cryptocarya massoy,Anonychomyrma,UNC,No sample but present - Collected during Jimmy patrol only,,,,,
800 - 0339,18-Jun-13,N.Plowman,800,357,Y,2,3.8,,"78,397,840",6,0,7,8,Meliaceae,Chisocheton lasiocarpus,Anonychomyrma,ANON012,,15,,,,
800 - 0361,22-Jun-13,N.Plowman,800,384,Y,2,3.1,,"78,967,897",0,7,11,27,Meliaceae,Chisocheton lasiocarpus,Podomyrma,PODO003,,12,,,,
800 - 0340,19-Jun-13,N.Plowman,800,358,Y,2,4.2,,"78,437,844",2,1,14,7,Lauraceae,Litsea sp.,Anonychomyrma,ANON012,,10,,,,
800 - 0347,19-Jun-13,N.Plowman,800,370,Y,2,0,,7859.786,3,4,5,4,Lauraceae,Litsea sp.,Anonychomyrma,ANON012,,9,,,,
800 - 0323,18-Jun-13,N.Plowman,800,341,N,2,3.7,,"78,117,812",0,10,8,0,Achariaceae,Ryparosa amplifolia,Anonychomyrma,ANON012,,3,,,,
800 - 0325,18-Jun-13,N.Plowman,800,343,Y,2,3.5,,"78,157,816",1,0,16,5,Achariaceae,Ryparosa amplifolia,Anonychomyrma,ANON012,,4,,,,
800 - 0460,25-Jun-13,N.Plowman,800,483,N,1.9,4.9,1,"80,808,081",0,2,8,0,Meliaceae,Chisocheton lasiocarpus,Anonychomyrma,UNC,ants hiding - no sample,0,,,,
800 - 0483,25-Jun-13,N.Plowman,800,506,Y,1.9,3.2,3,8108,1,4,12,9,Meliaceae,Chisocheton lasiocarpus,Anonychomyrma,ANON012,,6,,,,
800 - 0350,19-Jun-13,N.Plowman,800,373,N,1.7,0,,"78,657,866",0,8,1,1,Achariaceae,Ryparosa amplifolia,Anonychomyrma,ANON012,,20,,,,
800 - 0503,26-Jun-13,N.Plowman,800,526,Y,1.7,3.7,3,"81,358,136",0,5,12,5,Achariaceae,Ryparosa amplifolia,Anonychomyrma,ANON012,,20,,,,
800 - 0562,27-Jun-13,N.Plowman,800,585,Y,1.7,2.7,3,"82,088,209",0,0,28,0,Achariaceae,Ryparosa amplifolia,Anonychomyrma,ANON012,,3,,,,
800 - 0324,18-Jun-13,N.Plowman,800,342,N,1.7,2.8,,"78,137,814",0,3,14,0,Achariaceae,Ryparosa amplifolia,Podomyrma,PODO003,,4,,,,
800 - 0326,18-Jun-13,N.Plowman,800,344,N,1.6,0,,"78,197,820",0,3,5,10,Achariaceae,Ryparosa amplifolia,UNOCCUPIED,UNOCCUPIED,,,,,,
800 - 0357,19-Jun-13,N.Plowman,800,380,Y,1.6,0,,"78,807,881",2,3,15,2,Achariaceae,Ryparosa amplifolia,UNOCCUPIED,UNOCCUPIED,,,,,,
1600 - 1044,01-Aug-13,N.Plowman,1600,1084,Y,1,0,2,9128,2,0,14,5,Myristicaceae,Myristica subalulata,UNOCCUPIED,UNOCCUPIED,brownish leaves,,,,,
800 - 0450,25-Jun-13,N.Plowman,800,473,N,1.6,1.8,2,"80,638,064",0,1,14,1,Achariaceae,Ryparosa amplifolia,UNOCCUPIED,UNOCCUPIED,,,,,,
800 - 0543,26-Jun-13,N.Plowman,800,566,Y,1.6,4.5,3,8183,3,2,12,2,Meliaceae,Chisocheton lasiocarpus,UNOCCUPIED,UNOCCUPIED,,,,,,
800 - 0331,18-Jun-13,N.Plowman,800,349,Y,1.5,3.5,,"78,277,828",0,1,7,0,Achariaceae,Ryparosa amplifolia,UNOCCUPIED,UNOCCUPIED,,,,,,
800 - 0342,19-Jun-13,N.Plowman,800,360,Y,1.5,0,,"78,477,848",0,3,9,1,Achariaceae,Ryparosa amplifolia,Anonychomyrma,ANON012,,,,,,
800 - 0330,18-Jun-13,N.Plowman,800,348,N,1.4,0,,"78,257,826",10,3,11,5,Achariaceae,Ryparosa amplifolia,UNOCCUPIED,UNOCCUPIED,,,,,,
800 - 0490,25-Jun-13,N.Plowman,800,513,Y,1.4,0,1,8118,2,3,1,4,Meliaceae,Chisocheton lasiocarpus,Anonychomyrma,UNC,,0,,,,
800 - 0451,25-Jun-13,N.Plowman,800,474,N,1.4,0,2,"80,658,066",0,3,12,1,Achariaceae,Ryparosa amplifolia,UNOCCUPIED,UNOCCUPIED,,,,,,
800 - 0596,27-Jun-13,N.Plowman,800,619,Y,1.4,3.5,3,"82,518,252",0,9,20,1,Lauraceae,Litsea sp.,Anonychomyrma,ANON001,,6,,,,
800 - 0346,19-Jun-13,N.Plowman,800,364,Y,1.4,0,,"78,577,858",2,4,4,11,Myristicaceae,Myristica subalulata,Anonychomyrma,ANON012,,10,,,,
800 - 0364,22-Jun-13,N.Plowman,800,387,N,1.3,0,,"79,027,903",0,0,6,4,Achariaceae,Ryparosa amplifolia,UNOCCUPIED,UNOCCUPIED,too high,,,,,
800 - 0434,25-Jun-13,N.Plowman,800,457,Y,1.3,0,2,"80,318,032",0,1,11,14,Meliaceae,Chisocheton lasiocarpus,UNOCCUPIED,UNOCCUPIED,,,,,,
800 - 0459,25-Jun-13,N.Plowman,800,482,Y,1.3,0,1,"80,788,079",0,1,3,10,Meliaceae,Chisocheton lasiocarpus,UNOCCUPIED,UNOCCUPIED,,,,,,
800 - 0489,25-Jun-13,N.Plowman,800,512,Y,1.3,0,1,8115-17,4,1,3,0,Achariaceae,Ryparosa amplifolia,UNOCCUPIED,UNOCCUPIED,,,,,,
800 - 0507,26-Jun-13,N.Plowman,800,530,N,1.3,0,0,8141,0,1,5,4,Meliaceae,Chisocheton lasiocarpus,UNOCCUPIED,UNOCCUPIED,,,,,,
800 - 0511,26-Jun-13,N.Plowman,800,534,N,1.3,0,1,8146,0,2,5,1,Meliaceae,Chisocheton lasiocarpus,UNOCCUPIED,UNOCCUPIED,,,,,,
800 - 0492,26-Jun-13,N.Plowman,800,515,Y,1.3,0,1,8121,0,0,2,6,Achariaceae,Ryparosa amplifolia,UNOCCUPIED,UNOCCUPIED,,,,,,
800 - 0557,27-Jun-13,N.Plowman,800,580,Y,1.3,2.8,2,8202,0,0,17,5,Meliaceae,Chisocheton lasiocarpus,UNOCCUPIED,UNOCCUPIED,,,,,,
800 - 0337,18-Jun-13,N.Plowman,800,355,Y,1.3,0,,"78,377,838",5,14,7,0,Meliaceae,Chisocheton lasiocarpus,Anonychomyrma,ANON012,,15,,,,
800 - 0352,19-Jun-13,N.Plowman,800,375,Y,1.3,0,,"78,697,870",1,6,10,12,Lauraceae,Litsea sp.,Camponotus,CAMP001,,5,3,NA0001,y,n
800 - 0442,25-Jun-13,N.Plowman,800,465,N,1.2,0,1,"80,488,049",0,2,3,1,Achariaceae,Ryparosa amplifolia,UNOCCUPIED,UNOCCUPIED,,,,,,
800 - 0546,27-Jun-13,N.Plowman,800,569,Y,1.2,0,1,8187,0,0,4,5,Meliaceae,Chisocheton lasiocarpus,UNOCCUPIED,UNOCCUPIED,,,,,,
800 - 0588,27-Jun-13,N.Plowman,800,611,Y,1.2,0,2,8238,0,4,22,6,Lauraceae,Cryptocarya viridiflora,Anonychomyrma,ANON009,,2,,,,
800 - 0530,26-Jun-13,N.Plowman,800,553,Y,1.2,0,3,8167,0,9,13,1,Achariaceae,Ryparosa amplifolia,Anonychomyrma,ANON012,patrolling young leaves,1,,,,
1600 - 1048,01-Aug-13,N.Plowman,1600,1088,Y,1,0,1,9130,0,2,4,7,Myristicaceae,Myristica subalulata,UNOCCUPIED,UNOCCUPIED,brownish leaves,,,,,
800 - 0443,25-Jun-13,N.Plowman,800,466,N,1.1,0,1,"80,508,051",0,1,6,0,Achariaceae,Ryparosa amplifolia,UNOCCUPIED,UNOCCUPIED,,,,,,
800 - 0472,25-Jun-13,N.Plowman,800,495,N,1.1,0,2,8094,0,3,7,2,Achariaceae,Ryparosa amplifolia,UNOCCUPIED,UNOCCUPIED,,,,,,
800 - 0504,26-Jun-13,N.Plowman,800,527,N,1.1,0,1,8137,0,2,8,7,Meliaceae,Chisocheton lasiocarpus,UNOCCUPIED,UNOCCUPIED,,,,,,
800 - 0510,26-Jun-13,N.Plowman,800,533,Y,1.1,0,3,8145,0,1,11,4,Meliaceae,Chisocheton lasiocarpus,UNOCCUPIED,UNOCCUPIED,,,,,,
800 - 0315,18-Jun-13,N.Plowman,800,333,N,1,0,,"77,957,796",4,1,4,13,Achariaceae,Ryparosa amplifolia,UNOCCUPIED,UNOCCUPIED,,,,,,
800 - 0531,26-Jun-13,N.Plowman,800,554,N,0.9,0,1,8168,0,0,3,4,Achariaceae,Ryparosa amplifolia,Anonychomyrma,UNC,hiding - no sample,0,,,,
800 - 0593,27-Jun-13,N.Plowman,800,616,Y,0.8,0,3,8248,2,5,16,4,Lauraceae,Cryptocarya idenburgensis,Anonychomyrma,ANON009,,3,,,,
800 - 0549,27-Jun-13,N.Plowman,800,572,Y,0.7,0,3,"81,908,191",2,10,20,15,Lauraceae,Cryptocarya viridiflora,Anonychomyrma,ANON012,,8,,,,
800 - 0592,27-Jun-13,N.Plowman,800,615,Y,0.7,0,2,"82,468,247",0,8,8,5,Lauraceae,Cryptocarya viridiflora,Anonychomyrma,ANON012,,5,,,,
800 - 0335,18-Jun-13,N.Plowman,800,353,Y,0.6,0,,"78,417,842",0,5,7,4,Lauraceae,Cryptocarya idenburgensis,Anonychomyrma,UNC,,,,,,
800 - 0338,19-Jun-13,N.Plowman,800,356,N,0.6,0,,"78,537,854",0,0,6,8,Achariaceae,Ryparosa amplifolia,UNOCCUPIED,UNOCCUPIED,,1,,,,
800 - 0437,25-Jun-13,N.Plowman,800,460,Y,0.6,0,2,"80,378,038",2,4,6,3,Lauraceae,Cryptocarya idenburgensis,Anonychomyrma,ANON012,,5,,,,
800 - 0545,27-Jun-13,N.Plowman,800,568,Y,0.6,0,2,"81,858,186",5,5,4,8,Lauraceae,Cryptocarya viridiflora,Tetramorium,TETR010,,2,,,,
800 - 0336,18-Jun-13,N.Plowman,800,354,Y,0.5,0,,"78,357,836",3,5,8,0,Lauraceae,Chisocheton lasiocarpus,Anonychomyrma,ANON012,,5,,,,
900 - 0695,01-Jul-13,N.Plowman,900,718,N,9,17.5,0,8473,NA,NA,NA,NA,Myristicaceae,Myristica subalulata,NA,UNC,No sample,0,,,,
900 - 0642,29-Jun-13,N.Plowman,900,665,N,7.5,11.9,0,8320,NA,NA,NA,NA,Meliaceae,Chisocheton lasiocarpus,NA,UNOCCUPIED,,0,,,,
900 - 0661,01-Jul-13,N.Plowman,900,684,N,7.5,22.2,0,8433,NA,NA,NA,NA,Myristicaceae,Myristica subalulata,NA,UNOCCUPIED,,0,,,,
900 - 0626,28-Jun-13,N.Plowman,900,650,N,7,16.3,0,"82,968,297",NA,NA,NA,NA,Myristicaceae,Myristica subalulata,NA,UNOCCUPIED,,0,,,,
900 - 0718,02-Jul-13,N.Plowman,900,741,N,6.5,16.5,0,8501,NA,NA,NA,NA,Meliaceae,Chisocheton lasiocarpus,Anonychomyrma,ANON012,,15,,,,
900 - 0613,28-Jun-13,N.Plowman,900,636,N,6,19.5,0,8275-8277,NA,NA,NA,NA,Achariaceae,Ryparosa amplifolia,Anonychomyrma,ANON012,,20,,,,
900 - 0616,28-Jun-13,N.Plowman,900,639,N,5.9,14.1,0,"82,818,282",NA,NA,NA,NA,Achariaceae,Ryparosa amplifolia,NA,UNOCCUPIED,,0,,,,
900 - 0667,01-Jul-13,N.Plowman,900,690,N,5.7,17,0,8440,NA,NA,NA,NA,Myristicaceae,Myristica subalulata,NA,UNOCCUPIED,,0,,,,
900 - 0694,01-Jul-13,N.Plowman,900,717,N,5.6,15.6,0,"84,718,472",2,1,15,2,Meliaceae,Chisocheton lasiocarpus,UNOCCUPIED,UNOCCUPIED,,,,,,
900 - 0624,28-Jun-13,N.Plowman,900,647,N,4,10.5,3,8292,0,2,15,3,Meliaceae,Chisocheton lasiocarpus,Anonychomyrma,ANON001,Green caterpillar with eyespots collected,20,,,,
900 - 0719,02-Jul-13,N.Plowman,900,742,N,4,10.9,0,8502,0,3,35,8,Meliaceae,Chisocheton lasiocarpus,Anonychomyrma,UNC,,0,,,,
900 - 0635,29-Jun-13,N.Plowman,900,658,N,3.7,7.5,2,8311,0,12,31,9,Lauraceae,Litsea sp.,Podomyrma,PODO003,,1,,,,
900 - 0631,28-Jun-13,N.Plowman,900,648,N,3.6,6.3,,82938294,4,10,19,22,Meliaceae,Dysoxylum parasiticum,Anonychomyrma,ANON001,,4,,,,
900 - 0606,28-Jun-13,N.Plowman,900,629,N,3.5,7,0,8265,0,0,12,6,Meliaceae,Chisocheton lasiocarpus,UNOCCUPIED,UNOCCUPIED,,,,,,
900 - 0627,29-Jun-13,N.Plowman,900,651,Y,3.5,8.8,3,"82,988,299",8,10,20,10,Myristicaceae,Myristica sp. (brown),Anonychomyrma,ANON012,citrus,15,,,,
900 - 0619,28-Jun-13,N.Plowman,900,642,N,3.5,15.7,3,8285,6,0,16,10,Myristicaceae,Myristica subalulata,Anonychomyrma,ANON012,heavily patrolling young leaves,12,,,,
900 - 0654,01-Jul-13,N.Plowman,900,677,N,3.5,6.7,3,8425,0,5,20,0,Achariaceae,Ryparosa amplifolia,Anonychomyrma,ANON012,,15,,,,
900 - 0663,01-Jul-13,N.Plowman,900,686,N,3.5,5.7,2,8436,NA,NA,NA,NA,Achariaceae,Ryparosa amplifolia,Podomyrma,PODO003,,20,,,,
900 - 0673,01-Jul-13,N.Plowman,900,697,Y,3.5,4.2,2,8448,4,3,19,0,Achariaceae,Ryparosa amplifolia,Podomyrma,PODO003,,4,,,,
900 - 0628,29-Jun-13,N.Plowman,900,652,N,3.2,7.4,2,"830,083,018,302",0,3,12,6,Myristicaceae,Myristica sp. (brown),Anonychomyrma,ANON012,Hiding - no sample,5,,,,
900 - 0611,28-Jun-13,N.Plowman,900,634,Y,3,6.3,3,"82,718,272",1,12,26,10,Lauraceae,Cryptocarya idenburgensis,NA,UNC,ANTS HIDING - sapling offshoot from large trunk of canopy tree,0,,,,
900 - 0666,01-Jul-13,N.Plowman,900,689,N,3,5.4,2,8439,0,0,25,0,Achariaceae,Ryparosa amplifolia,Anonychomyrma,ANON002,,3,,,,
900 - 0708,01-Jul-13,N.Plowman,900,731,N,2.8,6.2,0,8485-8486,0,4,15,3,Meliaceae,Chisocheton lasiocarpus,NA,UNOCCUPIED,too dark to see,0,,,,
900 - 0689,01-Jul-13,N.Plowman,900,712,N,2.7,4.6,0,"84,648,465",0,0,6,1,Achariaceae,Ryparosa amplifolia,UNOCCUPIED,UNOCCUPIED,,,,,,
900 - 0693,01-Jul-13,N.Plowman,900,716,N,2.6,7.5,0,"84,698,470",1,4,16,0,Meliaceae,Chisocheton lasiocarpus,Anonychomyrma,ANON012,,3,,,,
900 - 0710,02-Jul-13,N.Plowman,900,733,Y,2.6,10.6,2,8488-8493,NA,NA,NA,NA,Lauraceae,Cryptocarya idenburgensis,Anonychomyrma,ANON009,,25,,,,
900 - 0714,02-Jul-13,N.Plowman,900,737,N,2.6,3.7,2,8497,0,6,11,4,Achariaceae,Ryparosa amplifolia,Anonychomyrma,ANON012,,15,,,,
800 - 0463,25-Jun-13,N.Plowman,800,486,N,1.1,0,3,8085,1,5,15,7,Myristicaceae,Myristica subalulata,UNOCCUPIED,UNOCCUPIED,,,,,,
900 - 0668,01-Jul-13,N.Plowman,900,691,N,2.5,4.3,2,"84,418,442",0,4,10,0,Achariaceae,Ryparosa amplifolia,Anonychomyrma,ANON002,,6,,,,
900 - 0657,01-Jul-13,N.Plowman,900,680,N,2.5,8.5,2,8429,0,1,11,5,Achariaceae,Ryparosa amplifolia,Podomyrma,PODO003,,5,,,,
900 - 0727,02-Jul-13,N.Plowman,900,750,N,2.5,8.3,3,8511,0,2,14,4,Achariaceae,Ryparosa amplifolia,Anonychomyrma,UNC,No sample,0,,,,
900 - 0603,28-Jun-13,N.Plowman,900,626,N,2.4,5.7,3,"82,618,262",0,2,35,17,Myristicaceae,Myristica sp. (brown),Anonychomyrma,ANON012,,2,,,,
900 - 0717,02-Jul-13,N.Plowman,900,740,Y,2.3,6.5,2,8500,4,2,32,8,Meliaceae,Chisocheton lasiocarpus,Anonychomyrma,ANON012,,12,,,,
900 - 0625,28-Jun-13,N.Plowman,900,649,N,2.3,5.8,2,8295,0,0,6,2,Myristicaceae,Myristica subalulata,Anonychomyrma,ANON001,tree broken,12,,,,
900 - 0629,29-Jun-13,N.Plowman,900,653,Y,2.3,4.6,2,"83,038,304",0,27,11,0,Achariaceae,Ryparosa amplifolia,Anonychomyrma,ANON012,,5,,,,
900 - 0632,29-Jun-13,N.Plowman,900,655,N,2,4.3,2,"83,068,307",1,3,18,3,Achariaceae,Ryparosa amplifolia,UNOCCUPIED,UNOCCUPIED,,,,,,
900 - 0697,01-Jul-13,N.Plowman,900,720,N,2,2.6,1,8475,0,0,3,9,Meliaceae,Chisocheton lasiocarpus,UNOCCUPIED,UNOCCUPIED,,,,,,
1600 - 1034,01-Aug-13,N.Plowman,1600,1074,Y,1.1,0,2,9111-9112,0,2,12,4,Myristicaceae,Myristica subalulata,UNOCCUPIED,UNOCCUPIED,brownish leaves,,,,,
900 - 0651,29-Jun-13,N.Plowman,900,674,Y,1.8,2.1,1,8329,0,0,6,5,Achariaceae,Ryparosa amplifolia,Podomyrma,PODO003,,3,,,,
900 - 0690,01-Jul-13,N.Plowman,900,713,N,1.7,4,1,8466,0,2,3,5,Achariaceae,Ryparosa amplifolia,UNOCCUPIED,UNOCCUPIED,,,,,,
900 - 0652,01-Jul-13,N.Plowman,900,675,N,1.7,2.7,1,8423,0,0,13,9,Achariaceae,Ryparosa amplifolia,Anonychomyrma,ANON012,,8,,,,
900 - 0684,01-Jul-13,N.Plowman,900,707,N,1.7,0,1,8458,0,2,8,0,Achariaceae,Ryparosa amplifolia,Anonychomyrma,ANON012,,7,,,,
900 - 0640,41454,N.Plowman,900,663,Y,1.7,1.9,1,8318,1,0,7,0,Achariaceae,Ryparosa amplifolia,Tetramorium,TETR010,"Oecophylla foraging, resident ants hiding",2,,,y,y
900 - 0713,02-Jul-13,N.Plowman,900,736,N,1.6,0,1,8496,0,6,6,5,Achariaceae,Ryparosa amplifolia,Anonychomyrma,UNC,No sample,,,,,
900 - 0704,01-Jul-13,N.Plowman,900,727,Y,1.6,3.2,2,8483,1,2,13,11,Meliaceae,Chisocheton lasiocarpus,Anonychomyrma,ANON012,,3,,,,
900 - 0621,28-Jun-13,N.Plowman,900,644,N,1.5,4.7,2,"8287,8288?",2,4,8,7,Lauraceae,Cryptocarya idenburgensis,Podomyrma,PODO003,,5,,,,
900 - 0649,29-Jun-13,N.Plowman,900,672,Y,1.5,NA,1,8327,0,0,8,6,Achariaceae,Ryparosa amplifolia,Anonychomyrma,ANON012,,5,,,,
900 - 0608,28-Jun-13,N.Plowman,900,631,N,1.4,0,1,8268,2,7,3,0,Achariaceae,Ryparosa amplifolia,UNOCCUPIED,UNOCCUPIED,,,,,,
900 - 0639,29-Jun-13,N.Plowman,900,662,N,1.4,0,1,8317,0,4,4,0,Achariaceae,Ryparosa amplifolia,UNOCCUPIED,UNOCCUPIED,,,,,,
900 - 0648,29-Jun-13,N.Plowman,900,671,N,1.4,0,0,8322,NA,NA,NA,NA,Achariaceae,Ryparosa amplifolia,UNOCCUPIED,UNOCCUPIED,,,,,,
900 - 0643,29-Jun-13,N.Plowman,900,666,Y,1.3,0,1,8321,0,6,6,1,Achariaceae,Ryparosa amplifolia,UNOCCUPIED,UNOCCUPIED,,,,,,
900 - 0700,01-Jul-13,N.Plowman,900,723,Y,1.3,0,3,8479,0,4,21,13,Meliaceae,Chisocheton lasiocarpus,UNOCCUPIED,UNOCCUPIED,,,,,,
900 - 0669,01-Jul-13,N.Plowman,900,692,Y,1.3,0,2,8443,0,5,6,6,Lauraceae,Cryptocarya idenburgensis,Podomyrma,PODO003,,8,,,,
900 - 0641,29-Jun-13,N.Plowman,900,664,N,1.2,0,1,8319,0,5,3,0,Achariaceae,Ryparosa amplifolia,UNOCCUPIED,UNOCCUPIED,,,,,,
900 - 0709,01-Jul-13,N.Plowman,900,732,Y,1.2,0,1,8487,2,0,4,1,Achariaceae,Ryparosa amplifolia,UNOCCUPIED,UNOCCUPIED,,,,,,
900 - 0630,29-Jun-13,N.Plowman,900,654,Y,1.2,3.3,3,8305,6,20,15,15,Lauraceae,Cryptocarya idenburgensis,Anonychomyrma,ANON012,rubbish photo for plant id,2,,,,
900 - 0610,28-Jun-13,N.Plowman,900,633,N,1.1,0,1,8270,0,1,8,4,Meliaceae,Chisocheton lasiocarpus,UNOCCUPIED,UNOCCUPIED,Hairy caterpillar collected,,,,,
900 - 0614,28-Jun-13,N.Plowman,900,637,Y,1.1,0,2,8278,2,10,11,7,Meliaceae,Chisocheton lasiocarpus,UNOCCUPIED,UNOCCUPIED,,,,,,
900 - 0671,01-Jul-13,N.Plowman,900,694,Y,1.1,0,2,8444,0,0,12,9,Meliaceae,Chisocheton lasiocarpus,UNOCCUPIED,UNOCCUPIED,,,,,,
900 - 0722,02-Jul-13,N.Plowman,900,745,Y,1.1,0,2,8506,1,2,3,2,Achariaceae,Ryparosa amplifolia,UNOCCUPIED,UNOCCUPIED,,,,,,
900 - 0618,28-Jun-13,N.Plowman,900,641,Y,1.1,0,3,8284,14,19,3,0,Lauraceae,Cryptocarya idenburgensis,Anonychomyrma,ANON012,,12,,,,
900 - 0620,28-Jun-13,N.Plowman,900,643,Y,0.9,0,2,8286,3,5,8,4,Lauraceae,Cryptocarya idenburgensis,Podomyrma,PODO003,,1,,,,
900 - 0623,28-Jun-13,N.Plowman,900,646,N,0.6,0,1,8291,0,0,6,2,Meliaceae,Chisocheton lasiocarpus,NA,UNOCCUPIED,,0,,,,
1000 - 0830,10-Jul-13,N.Plowman,1000,853,N,10.3,25.5,0,"86,388,639",NA,NA,NA,NA,Lauraceae,Cryptocarya massoy,Anonychomyrma,ANON012,,20,,,,
1000 - 0855,10-Jul-13,N.Plowman,1000,878,N,9.6,25.5,0,8693,NA,NA,NA,NA,Meliaceae,Chisocheton lasiocarpus,Anonychomyrma,UNC,,,,,,
1000 - 0835,10-Jul-13,N.Plowman,1000,858,N,7.5,27.9,0,8649-8652,NA,NA,NA,NA,Myristicaceae,Myristica subalulata,NA,UNOCCUPIED,,0,,,,
1000 - 0831,10-Jul-13,N.Plowman,1000,854,N,7.3,19.9,0,8640-8643,NA,NA,NA,NA,Lauraceae,Cryptocarya idenburgensis,Anonychomyrma,ANON009,,20,,,,
1000 - 0829,10-Jul-13,N.Plowman,1000,852,N,7.3,27.8,0,"86,368,637",NA,NA,NA,NA,Myristicaceae,Myristica subalulata,Anonychomyrma,ANON009,,15,,,,
1000 - 0846,10-Jul-13,N.Plowman,1000,869,N,6.5,31.8,0,8668,NA,NA,NA,NA,Myristicaceae,Myristica subalulata,Anonychomyrma,UNC,no sample,0,,,,
1000 - 0851,10-Jul-13,N.Plowman,1000,874,N,6.2,9.9,0,"86,828,683",NA,NA,NA,NA,Lauraceae,Cryptocarya massoy,Anonychomyrma,ANON012,,5,,,,
1000 - 0826,10-Jul-13,N.Plowman,1000,849,N,5.7,19.6,0,8631,0,3,10,27,Myristicaceae,Myristica subalulata,NA,UNOCCUPIED,,0,,,,
1600 - 1037,01-Aug-13,N.Plowman,1600,1077,N,1.1,0,1,9117-9118,0,0,14,9,Myristicaceae,Myristica subalulata,UNOCCUPIED,UNOCCUPIED,brownish leaves,,,,,
1000 - 0840,10-Jul-13,N.Plowman,1000,863,N,5.3,13.5,3,"86,608,661",NA,NA,NA,NA,Lauraceae,Cryptocarya massoy,Anonychomyrma,UNC,No sample - too high,0,,,,
1200 - 0082,16-Jul-13,N.Plowman,1200,928,Y,1.2,0,1,"88,248,825",0,1,0,9,Myristicaceae,Myristica subalulata,UNOCCUPIED,UNOCCUPIED,now uninhabited after damage,,,,,
1000 - 0863,10-Jul-13,N.Plowman,1000,886,Y,4.6,14.9,2,"87,078,708",0,9,24,17,Myristicaceae,Myristica subalulata,Anonychomyrma,ANON012,,10,,,,
1000 - 0834,10-Jul-13,N.Plowman,1000,857,N,4.6,6.9,3,"86,478,648",5,2,20,13,Lauraceae,Cryptocarya viridiflora,Anonychomyrma,UNC,,0,,,,
1000 - 0827,10-Jul-13,N.Plowman,1000,850,N,4.6,13.1,0,8632,6,8,16,20,Myristicaceae,Myristica subalulata,NA,UNC,No sample - too high,0,,,,
1000 - 0849,10-Jul-13,N.Plowman,1000,872,N,4.5,10.4,1,8676-8678,2,0,4,44,Meliaceae,Chisocheton lasiocarpus,Anonychomyrma,ANON012,,4,,,,
1000 - 0836,10-Jul-13,N.Plowman,1000,859,N,4.5,7.8,2,"86,538,654",0,0,10,9,Lauraceae,Cryptocarya massoy,Anonychomyrma,ANON012,,10,,,,
1000 - 0159,10-Jul-13,N.Plowman,1000,159,N,4,8,3,"86,728,671",10,20,13,7,Lauraceae,Cryptocarya massoy,Anonychomyrma,ANON012,,15,,,,
1000 - 0157,10-Jul-13,N.Plowman,1000,157,N,4,9.7,1,,0,10,23,17,Myristicaceae,Myristica subalulata,Anonychomyrma,ANON012,,20,,,,
1000 - 0864,10-Jul-13,N.Plowman,1000,864,Y,4,29.6,3,"87,098,710",NA,NA,NA,NA,Myristicaceae,Myristica subalulata,Anonychomyrma,ANON012,,4,,,,
1000 - 0160,10-Jul-13,N.Plowman,1000,160,Y,3.6,8.9,3,"86,888,689",7,5,19,24,Lauraceae,Litsea sp.,Anonychomyrma,ANON012,,2,,,,
1000 - 0161,10-Jul-13,N.Plowman,1000,161,N,3.5,4.2,3,"86,948,695",5,13,25,7,Lauraceae,Cryptocarya massoy,Anonychomyrma,ANON009,,20,,,,
1000 - 0839,10-Jul-13,N.Plowman,1000,862,N,3.5,10.3,0,8659,3,5,12,10,Lauraceae,Litsea sp.,Anonychomyrma,UNC,No sample - too high,0,,,,
1000 - 0158,10-Jul-13,N.Plowman,1000,158,N,3.4,5.7,0,,0,4,7,6,Euphorbiaceae,Neoscortechinia forbesii,Anonychomyrma,UNC,,0,,,,
1000 - 0841,10-Jul-13,N.Plowman,1000,864,Y,3.2,7.8,2,"86,628,663",2,2,9,30,Meliaceae,Chisocheton lasiocarpus,Pheidole,PHEI046,yellow ant,11,3,NA0002,y,n
1000 - 0848,10-Jul-13,N.Plowman,1000,871,Y,2.9,3.5,3,8673-8675,1,8,19,10,Lauraceae,Litsea sp.,Anonychomyrma,ANON012,,5,,,,
1000 - 0833,10-Jul-13,N.Plowman,1000,856,N,2.5,4.1,3,"86,458,646",0,12,10,16,Lauraceae,Cryptocarya massoy,Anonychomyrma,ANON012,,10,,,,
1000 - 0850,10-Jul-13,N.Plowman,1000,873,Y,2.5,0,3,8679-8681,1,13,16,20,Lauraceae,Cryptocarya viridiflora,Podomyrma,PODO003,,2,,,,
1000 - 0857,10-Jul-13,N.Plowman,1000,880,N,1.9,3.5,3,"86,988,699",13,12,21,4,Lauraceae,Cryptocarya idenburgensis,Anonychomyrma,ANON009,,20,,,,
1000 - 0845,10-Jul-13,N.Plowman,1000,868,Y,1.5,0,3,8667,0,1,20,14,Meliaceae,Chisocheton lasiocarpus,UNOCCUPIED,UNOCCUPIED,,,,,,
1000 - 0854,10-Jul-13,N.Plowman,1000,877,N,1.5,0,1,"86,918,692",0,1,7,7,Meliaceae,Chisocheton lasiocarpus,UNOCCUPIED,UNOCCUPIED,,,,,,
1000 - 0847,10-Jul-13,N.Plowman,1000,870,Y,1.3,0,2,"86,698,670",0,0,8,15,Meliaceae,Chisocheton lasiocarpus,UNOCCUPIED,UNOCCUPIED,,,,,,
1000 - 0856,10-Jul-13,N.Plowman,1000,879,Y,1.3,0,3,"86,968,697",8,17,16,14,Lauraceae,Cryptocarya idenburgensis,Anonychomyrma,ANON009,,10,,,,
1000 - 0832,10-Jul-13,N.Plowman,1000,855,Y,1.2,0,3,8644,0,3,11,10,Meliaceae,Chisocheton lasiocarpus,UNOCCUPIED,UNOCCUPIED,,,,,,
1000 - 0844,10-Jul-13,N.Plowman,1000,867,Y,1.2,0,1,8666,0,0,6,8,Meliaceae,Chisocheton lasiocarpus,UNOCCUPIED,UNOCCUPIED,,,,,,
1000 - 0859,10-Jul-13,N.Plowman,1000,882,Y,1.2,0,3,"87,018,702",1,8,22,9,Lauraceae,Cryptocarya idenburgensis,Anonychomyrma,ANON002,,20,,,,
1000 - 0858,10-Jul-13,N.Plowman,1000,881,N,1,0,3,8700,0,4,28,4,Myristicaceae,Myristica subalulata,Anonychomyrma,ANON009,,15,,,,
1100 - 0892,12-Jul-13,N.Plowman,1100,914,,15,35.2,,8793-8794,1,2,10,35,Lauraceae,Cryptocarya idenburgensis,Anonychomyrma,ANON012,,10,,,,
1100 - 0877,11-Jul-13,N.Plowman,1100,899,N,13,25.4,0,8742-8745,NA,NA,NA,NA,Lauraceae,Cryptocarya idenburgensis,Anonychomyrma,ANON009,,20,,,,
1100 - 0878,11-Jul-13,N.Plowman,1100,900,N,13,25.5,0,"87,468,747",NA,NA,NA,NA,Myristicaceae,Myristica subalulata,Anonychomyrma,ANON009,,20,,,,
1100 - 0893,12-Jul-13,N.Plowman,1100,915,,10,23.7,,8795-8796,NA,NA,NA,NA,Lauraceae,Cryptocarya idenburgensis,NA,UNC,on top no sample,0,,,,
1100 - 0875,11-Jul-13,N.Plowman,1100,897,N,8.2,24.3,0,"87,388,739",NA,NA,NA,NA,Myristicaceae,Myristica subalulata,UNOCCUPIED,UNOCCUPIED,,,,,,
1100 - 0870,11-Jul-13,N.Plowman,1100,892,N,8,21.9,3,"87,288,729",2,11,21,16,Myristicaceae,Myristica subalulata,Anonychomyrma,ANON009,,20,,,,
1100 - 0868,11-Jul-13,N.Plowman,1100,890,N,7,28.4,0,8723-8725,8,6,19,7,Myristicaceae,Myristica subalulata,Anonychomyrma,ANON009,,25,,,,
1100 - 0879,11-Jul-13,N.Plowman,1100,901,N,6,11.8,2,"87,488,749",NA,NA,NA,NA,Lauraceae,Cryptocarya massoy,Anonychomyrma,ANON012,,15,,,,
1100 - 0866,11-Jul-13,N.Plowman,1100,888,N,6,15,3,"87,198,720",NA,NA,NA,NA,Myristicaceae,Myristica subalulata,Anonychomyrma,ANON009,,20,,,,
1100 - 0896,12-Jul-13,N.Plowman,1100,918,,6,25.9,,8802-8803,3,0,9,31,Myristicaceae,Myristica subalulata,Anonychomyrma,ANON012,,5,,,,
1100 - 0886,11-Jul-13,N.Plowman,1100,908,N,6,17.5,,8765-8767,NA,NA,NA,NA,Myristicaceae,Myristica subalulata,NA,UNC,on top no sample,0,,,,
1600 - 1043,01-Aug-13,N.Plowman,1600,1083,N,1.2,0,2,9127,0,1,11,12,Myristicaceae,Myristica subalulata,UNOCCUPIED,UNOCCUPIED,heavily covered in moss,,,,,
1200 - 0900,16-Jul-13,N.Plowman,1200,923,Y,1.4,0,2,"88,148,815",0,1,0,25,Myristicaceae,Myristica subalulata,UNOCCUPIED,UNOCCUPIED,,,,,,
1100 - 0882,11-Jul-13,N.Plowman,1100,904,N,5,10.6,3,"87,558,756",NA,NA,NA,NA,Lauraceae,Cryptocarya massoy,Anonychomyrma,ANON012,,20,,,,
1100 - 0895,12-Jul-13,N.Plowman,1100,917,,5,14.5,,8800-8801,6,2,26,16,Myristicaceae,Myristica subalulata,Anonychomyrma,ANON012,,25,,,,
1300 - 0954,25-Jul-13,N.Plowman,1300,986,N,1.4,0,0,1985-1987,0,0,3,11,Myristicaceae,Myristica subalulata,UNOCCUPIED,UNOCCUPIED,tetramorium forager,,,,,
1100 - 0869,11-Jul-13,N.Plowman,1100,891,N,4.4,14,3,"87,268,727",NA,NA,NA,NA,Myristicaceae,Myristica subalulata,Anonychomyrma,ANON009,,12,,,,
1100 - 0112,11-Jul-13,N.Plowman,1100,112,N,4,14,0,,0,4,14,4,Myristicaceae,Myristica subalulata,Anonychomyrma,ANON009,,20,,,,
1100 - 0122,12-Jul-13,N.Plowman,1100,,,3.6,7,,,,,,,Lauraceae,Cryptocarya massoy,Anonychomyrma,ANON012,,10,,,,
1100 - 0881,11-Jul-13,N.Plowman,1100,903,N,3.5,5.9,3,"87,538,754",3,6,25,4,Lauraceae,Cryptocarya massoy,Anonychomyrma,ANON012,,16,,,,
1600 - 1046,01-Aug-13,N.Plowman,1600,1086,N,1.5,2.3,1,9129,0,0,8,21,Myristicaceae,Myristica subalulata,UNOCCUPIED,UNOCCUPIED,brownish leaves,,,,,
1100 - 0114,11-Jul-13,N.Plowman,1100,114,Y,3,7.3,3,"6,190,620",4,8,20,18,Lauraceae,Cryptocarya idenburgensis,Anonychomyrma,ANON012,,10,,,,
1100 - 0109,11-Jul-13,N.Plowman,1100,109,Y,3,11.4,3,,1,8,22,16,Myristicaceae,Myristica subalulata,Anonychomyrma,ANON009,,15,,,,
1100 - 0867,11-Jul-13,N.Plowman,1100,889,N,3,12.5,1,"87,218,722",0,0,6,23,Myristicaceae,Myristica subalulata,Anonychomyrma,ANON012,,12,,,,
1100 - 0120,12-Jul-13,N.Plowman,1100,,,3,5.6,,,,,,,Myristicaceae,Myristica subalulata,Anonychomyrma,ANON012,,10,,,,
1100 - 0113,11-Jul-13,N.Plowman,1100,113,N,2.5,6,3,"6,170,618",1,16,16,14,Lauraceae,Cryptocarya albifrons,Anonychomyrma,ANON009,,20,,,,
1100 - 0111,11-Jul-13,N.Plowman,1100,111,Y,2.5,7.5,3,,5,8,21,16,Myristicaceae,Myristica subalulata,Anonychomyrma,ANON009,,30,,,,
1100 - 0889,12-Jul-13,N.Plowman,1100,911,,2.5,6.4,,8784-8785,3,11,15,14,Myristicaceae,Myristica subalulata,Anonychomyrma,ANON012,,20,,,,
1100 - 0108,11-Jul-13,N.Plowman,1100,108,Y,2.4,5.3,3,,0,1,21,12,Myristicaceae,Myristica subalulata,Anonychomyrma,ANON009,,14,,,,
1100 - 0890,12-Jul-13,N.Plowman,1100,912,,2.3,3.2,,8786-8788,0,13,11,9,Lauraceae,Litsea sp.,Anonychomyrma,ANON012,,20,,,,
1100 - 0116,11-Jul-13,N.Plowman,1100,116,N,2.2,12.6,2,"6,230,624",0,3,15,3,Lauraceae,Cryptocarya albifrons,Anonychomyrma,ANON009,,12,,,,
1100 - 0872,11-Jul-13,N.Plowman,1100,894,Y,2.2,5.1,3,"87,328,733",0,2,21,27,Lauraceae,Litsea sp.,Anonychomyrma,ANON012,,10,,,,
1100 - 0873,11-Jul-13,N.Plowman,1100,895,Y,2,4.8,3,"87,348,735",7,20,15,8,Lauraceae,Cryptocarya idenburgensis,Anonychomyrma,ANON009,,8,,,,
800 - 0462,25-Jun-13,N.Plowman,800,485,N,1.6,2,2,"80,838,084",0,3,10,6,Myristicaceae,Myristica subalulata,UNOCCUPIED,UNOCCUPIED,,,,,,
1100 - 0888,12-Jul-13,N.Plowman,1100,910,Y,1.6,2.3,,"87,828,783",5,5,15,11,Lauraceae,Litsea sp.,Anonychomyrma,ANON012,,10,,,,
1100 - 0884,11-Jul-13,N.Plowman,1100,906,N,1.6,2.3,2,8760-8762,0,1,15,5,Lauraceae,Cryptocarya massoy,NA,UNC,hiding no sample,0,,,,
1100 - 0883,11-Jul-13,N.Plowman,1100,905,Y,1.5,0,2,8757-8759,0,5,19,9,Lauraceae,Litsea sp.,Anonychomyrma,ANON002,,12,,,,
1100 - 0118,11-Jul-13,N.Plowman,1100,118,Y,1.5,0,2,,0,1,12,22,Myristicaceae,Myristica subalulata,Anonychomyrma,ANON012,,10,,,,
1100 - 0123,12-Jul-13,N.Plowman,1100,,,1.5,3.1,,,,,,,Myristicaceae,Myristica subalulata,Anonychomyrma,ANON012,,10,,,,
1100 - 0871,11-Jul-13,N.Plowman,1100,893,N,1,0,1,"87,308,731",0,0,10,0,Myristicaceae,Myristica subalulata,Anonychomyrma,ANON012,,6,,,,
1100 - 0874,11-Jul-13,N.Plowman,1100,896,Y,0.9,0,3,"87,368,737",10,10,11,10,Lauraceae,Cryptocarya idenburgensis,Anonychomyrma,ANON012,,8,,,,
1100 - 0117,11-Jul-13,N.Plowman,1100,117,Y,0.8,0,2,,0,1,12,15,Myristicaceae,Myristica subalulata,Anonychomyrma,ANON009,,10,,,,
1200 - 0919,23-Jul-13,N.Plowman,1200,948,Y,NA,NA,1,"88,818,882",0,5,20,21,Myristicaceae,Myristica subalulata,Anonychomyrma,ANON009,trunk at 45 degree angle,12,,,,
1200 - 0914,23-Jul-13,N.Plowman,1200,942,N,11,18.8,3,"88,658,866",NA,NA,NA,NA,Lauraceae,Cryptocarya idenburgensis,Anonychomyrma,ANON012,neighbouring 0913,20,,,,
1200 - 0915,23-Jul-13,N.Plowman,1200,943,N,10,12.3,1,"88,678,868",NA,NA,NA,NA,Lauraceae,Litsea sp.,Anonychomyrma,ANON009,,12,,,,
1200 - 0922,23-Jul-13,N.Plowman,1200,951,N,7,16.6,1,"88,878,888",NA,NA,NA,NA,Myristicaceae,Myristica subalulata,Anonychomyrma,ANON013,,5,,,,
1200 - 0931,24-Jul-13,N.Plowman,1200,962,Y,5.3,10.9,3,8909-8911,8,22,14,20,Lauraceae,Cryptocarya idenburgensis,Anonychomyrma,ANON012,,11,,,,
1200 - 0936,24-Jul-13,N.Plowman,1200,967,N,5.2,9.2,3,8924-8926,17,17,15,9,Lauraceae,Cryptocarya idenburgensis,Anonychomyrma,ANON009,,25,,,,
1200 - 0913,23-Jul-13,N.Plowman,1200,941,N,5,14.3,2,"88,638,864",NA,NA,NA,NA,Lauraceae,Litsea sp.,Anonychomyrma,ANON012,close neighbour of 0914,20,,,,
1200 - 0937,24-Jul-13,N.Plowman,1200,968,N,4.5,8.6,3,8927-8929,11,18,19,14,Lauraceae,Cryptocarya idenburgensis,Anonychomyrma,ANON009,,20,,,,
1200 - 0928,24-Jul-13,N.Plowman,1200,959,N,3.8,12.5,2,"89,038,904",0,0,12,5,Myristicaceae,Myristica subalulata,Anonychomyrma,ANON009,,2,,,,
1200 - 0933,24-Jul-13,N.Plowman,1200,964,N,3.7,8.9,3,"89,148,915",1,8,32,26,Myristicaceae,Myristica subalulata,Anonychomyrma,ANON009,,20,3,NA0003,y,y
1200 - 0909,23-Jul-13,N.Plowman,1200,936,N,3.7,9.7,2,"88,538,854",0,0,23,14,Myristicaceae,Myristica subalulata,Anonychomyrma,ANON013,flowering,9,,,,
1200 - 0908,19-Jul-13,N.Plowman,1200,934,N,3.6,7.9,2,"88,488,849",10,1,31,6,Myristicaceae,Myristica subalulata,Anonychomyrma,ANON009,flowering,20,,,,
1200 - 0940,23-Jul-13,N.Plowman,1200,946,Y,3.5,7.1,3,"88,778,878",14,12,20,12,Lauraceae,Cryptocarya idenburgensis,Anonychomyrma,ANON009,,10,,,,
1200 - 0934,24-Jul-13,N.Plowman,1200,965,N,3.4,7.6,3,"89,198,920",0,9,27,29,Myristicaceae,Myristica subalulata,Anonychomyrma,ANON009,,12,,,,
1200 - 0939,24-Jul-13,N.Plowman,1200,970,N,3.4,5.8,2,1941-1943,0,4,13,23,Myristicaceae,Myristica subalulata,Anonychomyrma,ANON009,,15,,,,
1200 - 0903,16-Jul-13,N.Plowman,1200,926,N,3.4,7.1,3,8818-8821,6,2,34,3,Myristicaceae,Myristica subalulata,Anonychomyrma,ANON012,,4,,,,
1200 - 0076,16-Jul-13,N.Plowman,1200,920,N,3.3,7,3,"88,068,807",0,0,4,41,Myristicaceae,Myristica subalulata,Anonychomyrma,ANON002,,6,,,,
1200 - 0910,23-Jul-13,N.Plowman,1200,937,N,3.3,6.8,2,"88,558,856",0,0,7,40,Myristicaceae,Myristica subalulata,Anonychomyrma,ANON013,,6,,,,
1200 - 0912,23-Jul-13,N.Plowman,1200,939,N,2.7,1.8,2,"88,598,860",0,9,27,15,Lauraceae,Cryptocarya idenburgensis,Anonychomyrma,ANON013,,12,,,,
1200 - 0898,16-Jul-13,N.Plowman,1200,922,N,2.7,6.6,2,"88,108,811",0,0,12,11,Myristicaceae,Myristica subalulata,Anonychomyrma,ANON002,,1,,,,
1200 - 0897,16-Jul-13,N.Plowman,1200,921,N,2.6,4.3,2,"88,088,809",6,5,4,2,Lauraceae,Cryptocarya massoy,Anonychomyrma,ANON009,,9,,,,
1200 - 0920,23-Jul-13,N.Plowman,1200,949,N,2.6,6.3,1,"88,838,884",0,1,19,28,Myristicaceae,Myristica subalulata,Anonychomyrma,ANON009,,10,,,,
1100 - 0876,11-Jul-13,N.Plowman,1100,898,Y,1.7,0,3,"87,408,741",2,6,18,9,Myristicaceae,Myristica subalulata,UNOCCUPIED,UNOCCUPIED,,,,,,
1200 - 0930,24-Jul-13,N.Plowman,1200,961,Y,2.5,4,2,"89,078,908",0,0,12,8,Myristicaceae,Myristica subalulata,Anonychomyrma,ANON009,QUEEN taken,12,,,,
1200 - 0904,16-Jul-13,N.Plowman,1200,929,N,2.5,6.1,3,"88,268,827",8,4,8,24,Myristicaceae,Myristica subalulata,Anonychomyrma,ANON012,,5,,,,
1200 - 0083,19-Jul-13,N.Plowman,1200,932,N,2.5,4.2,2,"88,458,846",0,0,12,11,Myristicaceae,Myristica subalulata,Anonychomyrma,UNC,hiding,0,,,,
1200 - 0911,23-Jul-13,N.Plowman,1200,938,Y,2.2,3.9,2,"88,578,858",1,1,26,31,Lauraceae,Cryptocarya idenburgensis,Anonychomyrma,ANON013,touching prev tree - ants transfer,3,,,,
1200 - 0918,23-Jul-13,N.Plowman,1200,947,Y,2.2,5.6,1,"88,798,880",2,5,5,17,Myristicaceae,Myristica subalulata,Anonychomyrma,ANON013,,14,,,,
1200 - 0925,23-Jul-13,N.Plowman,1200,956,N,2.1,5.8,1,"88,978,898",0,0,9,15,Lauraceae,Litsea sp.,Anonychomyrma,ANON009,"top of tree dry, ants in live stem",15,,,,
1200 - 0906,16-Jul-13,N.Plowman,1200,931,N,2.1,3.2,2,"88,308,831",0,0,3,36,Myristicaceae,Myristica subalulata,NA,UNC,Hiding - no sample,0,,,,
1200 - 0907,19-Jul-13,N.Plowman,1200,933,Y,2,3.2,1,"88,478,848",0,4,15,8,Myristicaceae,Myristica subalulata,Anonychomyrma,ANON013,,18,,,,
1200 - 0081,16-Jul-13,N.Plowman,1200,927,Y,1.9,3.9,1,"88,228,823",0,0,2,11,Myristicaceae,Myristica subalulata,Anonychomyrma,ANON013,,3,,,,
1200 - 0917,23-Jul-13,N.Plowman,1200,945,N,1.7,0,1,"88,758,876",0,0,3,25,Myristicaceae,Myristica subalulata,Anonychomyrma,ANON009,,10,,,,
1200 - 0935,24-Jul-13,N.Plowman,1200,966,N,1.6,1.7,3,8921-8923,15,9,8,3,Lauraceae,Cryptocarya idenburgensis,Anonychomyrma,ANON009,BROKE,8,,,,
1200 - 0905,16-Jul-13,N.Plowman,1200,930,N,1.6,2.9,1,"88,288,829",0,0,0,16,Myristicaceae,Myristica subalulata,Anonychomyrma,ANON002,,3,,,,
1200 - 0085,23-Jul-13,N.Plowman,1200,940,Y,1.5,4.5,3,"88,618,862",16,9,20,16,Lauraceae,Cryptocarya idenburgensis,Anonychomyrma,ANON009,,,,,,
1200 - 0932,24-Jul-13,N.Plowman,1200,963,Y,1.5,2.9,2,"89,128,913",12,18,8,9,Lauraceae,Cryptocarya idenburgensis,Anonychomyrma,ANON009,,12,,,,
1200 - 0929,24-Jul-13,N.Plowman,1200,960,Y,1.5,0,2,"89,058,906",1,0,15,22,Myristicaceae,Myristica subalulata,Anonychomyrma,ANON013,,14,3,NA0005,y,y
1200 - 0084,23-Jul-13,N.Plowman,1200,935,Y,1.4,0,2,"88,518,852",12,3,32,14,Lauraceae,Cryptocarya idenburgensis,Anonychomyrma,ANON012,broken from last patrol,9,,,,
1200 - 0079,16-Jul-13,N.Plowman,1200,919,Y,1.4,0,1,"88,048,805",2,2,7,9,Myristicaceae,Myristica subalulata,Anonychomyrma,ANON009,,14,,,,
1200 - 0902,16-Jul-13,N.Plowman,1200,925,Y,1.4,0,3,"88,168,817",0,2,15,9,Myristicaceae,Myristica subalulata,Anonychomyrma,ANON012,,9,,,,
1200 - 0921,23-Jul-13,N.Plowman,1200,950,Y,1.4,0,0,"88,858,886",0,1,11,3,Myristicaceae,Myristica subalulata,Anonychomyrma,ANON013,,12,,,,
1500 - 1030,30-Jul-13,N.Plowman,1500,1070,Y,1.7,2.4,3,9064-9067,0,16,10,23,Myristicaceae,Myristica subalulata,UNOCCUPIED,UNOCCUPIED,strange shape,,,,,
1200 - 0924,23-Jul-13,N.Plowman,1200,955,Y,1.3,0,2,"88,958,896",8,12,12,17,Lauraceae,Cryptocarya idenburgensis,Anonychomyrma,ANON013,,18,,,,
900 - 0688,01-Jul-13,N.Plowman,900,711,Y,1.8,10.2,0,8463,NA,NA,NA,NA,Myristicaceae,Myristica subalulata,UNOCCUPIED,UNOCCUPIED,,,,,,
1200 - 0916,23-Jul-13,N.Plowman,1200,944,Y,1.2,0,2,8870-8874,3,7,20,18,Lauraceae,Cryptocarya idenburgensis,Anonychomyrma,ANON013,,10,,,,
1200 - 0938,24-Jul-13,N.Plowman,1200,969,Y,1.1,0,2,8930-8931,8,21,10,10,Lauraceae,Cryptocarya idenburgensis,Anonychomyrma,ANON009,,15,,,,
1200 - 0927,23-Jul-13,N.Plowman,1200,958,Y,1.1,0,3,"89,018,902",7,4,18,9,Lauraceae,Cryptocarya idenburgensis,Anonychomyrma,ANON013,,12,,,,
1200 - 0943,23-Jul-13,N.Plowman,1200,953,Y,1,0,1,"88,918,892",0,0,13,13,Myristicaceae,Myristica subalulata,Anonychomyrma,ANON009,,12,,,,
1200 - 0942,23-Jul-13,N.Plowman,1200,954,Y,0.9,0,2,"88,938,894",NA,NA,NA,NA,Lauraceae,Cryptocarya idenburgensis,Anonychomyrma,ANON009,,10,,,,
1200 - 0923,23-Jul-13,N.Plowman,1200,952,Y,0.6,0,1,"88,898,890",0,2,7,15,Myristicaceae,Myristica subalulata,Anonychomyrma,ANON009,,,,,,
1200 - 0926,23-Jul-13,N.Plowman,1200,957,Y,0.6,0,1,"88,998,900",NA,NA,NA,NA,Myristicaceae,Myristica subalulata,Anonychomyrma,ANON009,,12,,,,
1300 - 0966,27-Jul-13,N.Plowman,1300,998,N,10.5,15.6,too high,"89,358,934",NA,NA,NA,NA,Sapindaceae,Harpullia longipetala,Anonychomyrma,ANON013,"same plant sp as 0967, too high to do herbivory",7,,,,
1300 - 0951,25-Jul-13,N.Plowman,1300,981,N,5.4,9.3,2,"19,741,975",0,6,21,26,Myristicaceae,Myristica subalulata,Anonychomyrma,ANON012,,10,,,,
1300 - 0971,25-Jul-13,N.Plowman,1300,1003,N,4.8,NA,1,2021-2025,NA,NA,NA,NA,Lauraceae,Cryptocarya idenburgensis,Anonychomyrma,ANON013,flowering,5,,,,
1300 - 0964,25-Jul-13,N.Plowman,1300,996,N,3.8,6.5,1,2006-2008,0,1,9,22,Myristicaceae,Myristica subalulata,Anonychomyrma,ANON013,flowering,3,,,,
1300 - 0983,27-Jul-13,N.Plowman,1300,1018,N,3.8,8.8,0,"89,558,956",0,9,1,2,Myristicaceae,Myristica subalulata,NA,UNC,no sample,0,,,,
1300 - 0955,25-Jul-13,N.Plowman,1300,987,N,3.7,8,2,"19,881,989",0,1,12,31,Myristicaceae,Myristica subalulata,Anonychomyrma,ANON013,,9,,,,
1300 - 0965,25-Jul-13,N.Plowman,1300,997,N,3.7,7.9,3,"20,092,010",1,0,18,41,Myristicaceae,Myristica subalulata,Anonychomyrma,ANON013,staphylinid fighting ants,10,,,,
1600 - 1035,01-Aug-13,N.Plowman,1600,1075,Y,1.8,2.1,1,9113-9114,3,2,10,2,Myristicaceae,Myristica subalulata,UNOCCUPIED,UNOCCUPIED,brownish leaves,,,,,
1300 - 0973,25-Jul-13,N.Plowman,1300,1006,N,3.5,6.1,2,"20,302,031",0,5,12,42,Myristicaceae,Myristica subalulata,Anonychomyrma,ANON013,,2,,,,
1300 - 0950,24-Jul-13,N.Plowman,1300,979,N,3.3,5.2,1,"19,701,971",0,3,10,7,Myristicaceae,Myristica subalulata,Anonychomyrma,ANON013,,9,,,,
1300 - 0036,25-Jul-13,N.Plowman,1300,983,Y,3.1,6.4,3,"19,781,979",3,1,39,26,Myristicaceae,Myristica subalulata,Anonychomyrma,ANON012,galls on 1 leaf,8,,,,
1300 - 0032,24-Jul-13,N.Plowman,1300,972,Y,3,7.1,2,1953-1955,8,10,14,23,Myristicaceae,Myristica subalulata,Anonychomyrma,ANON013,galls on 2 leaves,10,,,,
1300 - 0944,24-Jul-13,N.Plowman,1300,973,N,2.7,5.2,1,"19,561,957",0,2,13,19,Myristicaceae,Myristica subalulata,Anonychomyrma,ANON013,,10,,,,
1300 - 0949,24-Jul-13,N.Plowman,1300,978,N,2.7,6.2,2,"19,681,969",1,3,22,24,Myristicaceae,Myristica subalulata,Anonychomyrma,ANON013,,9,,,,
1300 - 0969,25-Jul-13,N.Plowman,1300,1001,N,2.7,3.5,2,2016-2018,0,18,2,8,Sapindaceae,Ganophyllum falcatum,Anonychomyrma,ANON013,same plant sp as 0967,5,,,,
1300 - 0984,27-Jul-13,N.Plowman,1300,1019,N,2.6,5.1,1,"89,578,958",0,0,4,25,Myristicaceae,Myristica subalulata,Anonychomyrma,ANON002,,2,,,,
1300 - 0967,25-Jul-13,N.Plowman,1300,999,Y,2.4,2.8,3,2011-2013,16,16,14,2,Sapindaceae,Ganophyllum falcatum,Anonychomyrma,ANON013,,10,,,,
1300 - 0947,24-Jul-13,N.Plowman,1300,976,Y,2.2,4.4,1,1963-1965,0,1,15,17,Myristicaceae,Myristica subalulata,Anonychomyrma,ANON012,,8,3,NA0006,y,y
1300 - 0037,25-Jul-13,N.Plowman,1300,1005,N,2.2,3.8,2,"20,282,029",0,3,22,30,Lauraceae,Cryptocarya massoy,Anonychomyrma,ANON013,caterpillar,2,,,,
1300 - 0972,25-Jul-13,N.Plowman,1300,1004,N,2.2,4.2,2,"20,262,027",0,0,9,17,Myristicaceae,Myristica subalulata,Anonychomyrma,ANON013,galls on 1 leaf,7,,,,
1300 - 0970,25-Jul-13,N.Plowman,1300,1002,N,2.1,3,,"20,192,020",0,0,9,17,Myristicaceae,Myristica subalulata,Anonychomyrma,ANON013,galls on 1 leaf,8,,,,
1300 - 0038,25-Jul-13,N.Plowman,1300,1008,Y,2,4.2,1,"20,342,035",0,1,2,30,Myristicaceae,Myristica subalulata,Anonychomyrma,ANON013,galls on 2 leaves,6,,,,
1300 - 0959,25-Jul-13,N.Plowman,1300,991,Y,2,5.8,0,"19,961,997",1,1,6,9,Myristicaceae,Myristica subalulata,Anonychomyrma,ANON013,main stem broken,7,,,,
1300 - 0962,25-Jul-13,N.Plowman,1300,994,Y,2,3,1,"20,022,003",0,4,2,15,Myristicaceae,Myristica subalulata,Anonychomyrma,ANON013,,6,,,,
1300 - 0039,27-Jul-13,N.Plowman,1300,1013,Y,2,4.8,1,"89,458,946",3,4,11,13,Myristicaceae,Myristica subalulata,UNOCCUPIED,UNOCCUPIED,,,,,,
1300 - 0953,25-Jul-13,N.Plowman,1300,985,N,1.9,3.7,2,1982-1984,0,0,1,47,Myristicaceae,Myristica subalulata,Anonychomyrma,ANON013,,12,,,,
1300 - 0031,24-Jul-13,N.Plowman,1300,971,Y,1.7,3.9,1,"19,511,952",1,6,19,11,Myristicaceae,Myristica subalulata,Anonychomyrma,ANON013,RESAMPLED IN AUG - leaf galls on 7 leaves,20,,,,
1300 - 0946,24-Jul-13,N.Plowman,1300,975,Y,1.6,2.6,1,"19,611,962",0,3,9,5,Myristicaceae,Myristica subalulata,Anonychomyrma,ANON013,,9,,,,
1300 - 0982,27-Jul-13,N.Plowman,1300,1017,N,1.6,2.9,1,"89,538,954",0,3,10,11,Lauraceae,Cryptocarya viridiflora,Anonychomyrma,ANON013,,19,,,,
1300 - 0960,25-Jul-13,N.Plowman,1300,992,N,1.5,6.4,2,"19,981,999",3,9,17,37,Myristicaceae,Myristica subalulata,Anonychomyrma,ANON013,,8,,,,
1300 - 0978,27-Jul-13,N.Plowman,1300,1012,N,1.5,4.2,0,"89,438,944",0,2,3,3,Lauraceae,Cryptocarya massoy,Anonychomyrma,ANON013,,8,,,,
1300 - 0958,25-Jul-13,N.Plowman,1300,990,N,1.4,0,1,"19,941,995",0,0,8,16,Myristicaceae,Myristica subalulata,Anonychomyrma,ANON013,,9,,,,
1300 - 0976,27-Jul-13,N.Plowman,1300,1010,N,1.4,0,1,"89,368,937",0,0,5,22,Myristicaceae,Myristica subalulata,Anonychomyrma,ANON013,,4,,,,
1600 - 1036,01-Aug-13,N.Plowman,1600,1076,Y,2.1,3.9,1,9115-9116,0,0,9,11,Myristicaceae,Myristica subalulata,UNOCCUPIED,UNOCCUPIED,brownish leaves,,,,,
1300 - 0035,25-Jul-13,N.Plowman,1300,982,N,1.3,0,1,"19,761,977",0,0,17,4,Myristicaceae,Myristica subalulata,Anonychomyrma,ANON013,BROKE,,,,,
1300 - 0957,25-Jul-13,N.Plowman,1300,989,N,1.3,0,2,"19,921,993",0,0,12,19,Myristicaceae,Myristica subalulata,Anonychomyrma,ANON013,galls on 2 leaves,9,,,,
1300 - 0963,25-Jul-13,N.Plowman,1300,995,N,1.3,0,1,"20,042,005",0,1,3,22,Myristicaceae,Myristica subalulata,Anonychomyrma,ANON013,,6,,,,
1300 - 0961,25-Jul-13,N.Plowman,1300,993,N,1.2,0,1,"20,002,001",0,3,19,4,Myristicaceae,Myristica subalulata,Anonychomyrma,ANON013,,8,,,,
1300 - 0974,25-Jul-13,N.Plowman,1300,1007,Y,1.2,0,1,"20,322,033",0,1,3,12,Myristicaceae,Myristica subalulata,Anonychomyrma,ANON013,,4,,,,
1300 - 0975,25-Jul-13,N.Plowman,1300,1009,N,1.1,0,1,"20,362,037",0,0,4,4,Myristicaceae,Myristica subalulata,Anonychomyrma,ANON002,,2,,,,
1300 - 0977,27-Jul-13,N.Plowman,1300,1011,Y,1.1,0,1,"89,418,942",1,2,11,13,Myristicaceae,Myristica subalulata,Anonychomyrma,ANON013,,5,,,,
1300 - 0980,27-Jul-13,N.Plowman,1300,1015,N,1.1,0,1,"89,498,950",0,0,7,18,Myristicaceae,Myristica subalulata,Anonychomyrma,ANON013,,1,,,,
1300 - 0945,24-Jul-13,N.Plowman,1300,974,Y,1,0,1,1958-1960,9,8,6,3,Sapindaceae,Ganophyllum falcatum,Anonychomyrma,ANON013,galls on 2 leaves,10,,,,
1300 - 0033,24-Jul-13,N.Plowman,1300,980,N,0.8,0,1,"19,721,973",0,0,6,5,Myristicaceae,Myristica subalulata,Anonychomyrma,ANON013,GPS low accuracy,12,,,,
1300 - 0948,24-Jul-13,N.Plowman,1300,977,Y,0.8,0,1,"19,661,967",2,0,0,9,Myristicaceae,Myristica subalulata,Anonychomyrma,ANON013,,10,,,,
1300 - 0981,27-Jul-13,N.Plowman,1300,1016,Y,0.7,0,1,"89,518,952",1,4,10,17,Lauraceae,Cryptocarya idenburgensis,Anonychomyrma,ANON013,,11,,,,
1300 - 0956,25-Jul-13,N.Plowman,1300,988,N,0.6,0,1,"19,901,991",0,0,16,10,Myristicaceae,Myristica subalulata,Anonychomyrma,ANON013,galls on 3 leaves,9,,,,
1300 - 0968,25-Jul-13,N.Plowman,1300,1000,Y,0.6,0,1,"20,142,015",0,4,5,7,Myristicaceae,Myristica subalulata,Anonychomyrma,ANON013,,4,,,,
1300 - 0979,27-Jul-13,N.Plowman,1300,1014,N,0.6,0,1,"89,478,948",0,6,7,3,Myristicaceae,Myristica subalulata,Anonychomyrma,ANON013,,10,,,,
1400 - 1019,29-Jul-13,N.Plowman,1400,1057,N,11,23.7,0,9038,NA,NA,NA,NA,Myristicaceae,Myristica subalulata,Anonychomyrma,UNC,top of canopy mixed with vines etc,,,,,
1400 - 1014,28-Jul-13,N.Plowman,1400,1051,N,5.7,7.3,3,9025-9027,6,27,14,13,Sapindaceae,Mischocarpus sp.,Anonychomyrma,ANON013,,10,,,,
1400 - 0992,28-Jul-13,N.Plowman,1400,1031,N,5,11.5,3,"89,858,986",1,2,7,53,Myristicaceae,Myristica subalulata,Anonychomyrma,ANON013,,6,,,,
1400 - 1005,28-Jul-13,N.Plowman,1400,1043,N,5,10.5,1,"90,099,010",0,2,6,34,Myristicaceae,Myristica subalulata,NA,UNOCCUPIED,,0,,,,
1400 - 1012,28-Jul-13,N.Plowman,1400,1049,N,4.4,15,0,"90,219,022",0,0,7,28,Myristicaceae,Myristica subalulata,Anonychomyrma,ANON002,,8,3,NA0007,y,y
1400 - 1003,28-Jul-13,N.Plowman,1400,1041,N,4.4,14,2,"90,059,006",2,4,8,62,Myristicaceae,Myristica subalulata,Anonychomyrma,ANON013,Flowering!,,,,,
1400 - 0996,28-Jul-13,N.Plowman,1400,1034,N,4,7.7,2,"89,918,992",0,0,7,56,Myristicaceae,Myristica subalulata,Anonychomyrma,ANON013,,4,2,NA0008,y,y
1400 - 0016,28-Jul-13,N.Plowman,1400,1027,N,3.8,4.7,3,8975-8978,1,10,22,23,Sapindaceae,Ganophyllum falcatum,Anonychomyrma,ANON013,,8,,,y,y
1400 - 0985,28-Jul-13,N.Plowman,1400,1020,N,3.7,9.3,2,"89,598,960",1,4,16,10,Myristicaceae,Myristica subalulata,Anonychomyrma,ANON013,,6,,,,
1400 - 0013,27-Jul-13,N.Plowman,1400,1022,Y,3.6,8.7,3,"89,658,966",12,7,14,41,Myristicaceae,Myristica subalulata,Anonychomyrma,ANON013,,7,,,,
1400 - 1016,29-Jul-13,N.Plowman,1400,1054,N,3.1,5.7,1,9032-9033,0,2,14,6,Myristicaceae,Myristica subalulata,Anonychomyrma,ANON013,,15,,,,
1400 - 0998,28-Jul-13,N.Plowman,1400,1036,N,2.9,6.1,1,"89,958,996",2,5,5,12,Myristicaceae,Myristica subalulata,Anonychomyrma,ANON013,,,,,,
1400 - 0017,28-Jul-13,N.Plowman,1400,1028,N,2.8,3.4,1,"89,798,980",4,4,12,2,Sapindaceae,Ganophyllum falcatum,Anonychomyrma,ANON013,,12,,,,
1400 - 0019,29-Jul-13,N.Plowman,1400,1059,N,2.6,7,2,9041-9042,0,3,12,13,Myristicaceae,Myristica subalulata,Anonychomyrma,ANON013,LANDSLIDE HERE,6,,,,
1400 - 1022,29-Jul-13,N.Plowman,1400,1061,N,2.6,6.8,2,9045-9046,0,3,6,19,Myristicaceae,Myristica subalulata,Anonychomyrma,ANON013,,12,,,,
1500 - 1029,30-Jul-13,N.Plowman,1500,1069,Y,2.3,4.2,1,9062-9063,2,9,15,50,Myristicaceae,Myristica subalulata,UNOCCUPIED,UNOCCUPIED,very small leaves,,,,,
1400 - 1006,28-Jul-13,N.Plowman,1400,1044,Y,2.4,3,2,"90,119,012",2,38,8,2,Sapindaceae,Ganophyllum falcatum,Anonychomyrma,ANON013,,6,,,,
1400 - 1010,28-Jul-13,N.Plowman,1400,1047,Y,2.4,6.2,1,"90,179,018",4,6,6,12,Myristicaceae,Myristica subalulata,Anonychomyrma,ANON013,,3,,,,
1400 - 0014,28-Jul-13,N.Plowman,1400,1023,N,2.1,3.8,2,"89,678,968",0,0,8,30,Myristicaceae,Myristica subalulata,Anonychomyrma,ANON013,,1,,,,
1400 - 0986,28-Jul-13,N.Plowman,1400,1021,Y,2,2.8,1,"89,638,964",2,10,8,19,Myristicaceae,Myristica subalulata,Anonychomyrma,ANON013,,6,,,,
1400 - 0988,28-Jul-13,N.Plowman,1400,1025,Y,2,6.5,1,"89,718,972",3,9,20,38,Myristicaceae,Myristica subalulata,Anonychomyrma,ANON013,,6,,,,
1400 - 1011,28-Jul-13,N.Plowman,1400,1048,Y,1.8,0,3,"90,199,020",16,19,9,6,Sapindaceae,Ganophyllum falcatum,Anonychomyrma,ANON013,,8,,,,
1400 - 1017,29-Jul-13,N.Plowman,1400,1055,N,1.8,2.7,0,9034-9035,1,1,7,6,Myristicaceae,Myristica subalulata,Anonychomyrma,ANON013,,8,,,,
1400 - 1021,29-Jul-13,N.Plowman,1400,1060,Y,1.6,5.5,3,9043-9044,0,13,12,12,Euphorbiaceae,Macaranga sp.,Anonychomyrma,ANON013,LANDSLIDE HERE,6,,,,
1400 - 1001,28-Jul-13,N.Plowman,1400,1039,Y,1.3,0,1,"90,019,002",1,1,7,8,Myristicaceae,Myristica subalulata,Anonychomyrma,ANON013,,6,,,,
1400 - 1002,28-Jul-13,N.Plowman,1400,1040,N,1.3,0,1,"90,039,004",0,0,4,12,Myristicaceae,Myristica subalulata,Anonychomyrma,ANON013,,10,,,,
1400 - 0987,28-Jul-13,N.Plowman,1400,1024,Y,1.2,8.1,1,"89,698,970",11,7,2,0,Sapindaceae,Ganophyllum falcatum,Anonychomyrma,ANON013,Similar to the plant species at 1300 by the stream,6,,,,
1400 - 0989,28-Jul-13,N.Plowman,1400,1026,N,1.2,0,1,"89,738,974",11,0,4,5,Sapindaceae,Ganophyllum falcatum,Anonychomyrma,ANON013,,4,,,,
1400 - 1004,28-Jul-13,N.Plowman,1400,1042,N,1.1,0,1,"90,079,008",13,7,3,0,Sapindaceae,Ganophyllum falcatum,Anonychomyrma,ANON013,,6,,,,
1400 - 1009,28-Jul-13,N.Plowman,1400,1046,N,1,0,1,"90,159,016",8,8,5,8,Sapindaceae,Ganophyllum falcatum,Anonychomyrma,ANON013,,2,,,,
1400 - 1018,29-Jul-13,N.Plowman,1400,1056,N,1,0,0,9036-9037,0,4,3,1,Myristicaceae,Myristica subalulata,Anonychomyrma,ANON013,,5,,,,
1400 - 0995,28-Jul-13,N.Plowman,1400,1033,N,0.9,0,0,"89,898,990",0,1,7,5,Myristicaceae,Myristica subalulata,Anonychomyrma,ANON013,,,,,,
1400 - 1020,29-Jul-13,N.Plowman,1400,1058,Y,0.8,0,1,9039-9040,9,2,0,1,Sapindaceae,Ganophyllum falcatum,Anonychomyrma,ANON002,has been cut,2,,,,
1400 - 1000,28-Jul-13,N.Plowman,1400,1038,Y,0.7,0,0,"89,999,000",0,0,1,6,Myristicaceae,Myristica subalulata,Anonychomyrma,ANON013,,6,,,,
1400 - 1015,28-Jul-13,N.Plowman,1400,1052,Y,0.6,0,2,"90,289,029",0,5,15,11,Sapindaceae,Ganophyllum falcatum,Anonychomyrma,ANON013,,6,,,,
1400 - 0990,28-Jul-13,N.Plowman,1400,1029,Y,0.5,0,1,"89,818,982",0,3,9,1,Myristicaceae,Myristica subalulata,Anonychomyrma,ANON013,,5,,,,
1400 - 0991,28-Jul-13,N.Plowman,1400,1030,N,0.4,0,0,"89,838,984",0,0,6,3,Myristicaceae,Myristica subalulata,Anonychomyrma,ANON013,,6,,,,
1400 - 0994,28-Jul-13,N.Plowman,1400,1032,N,0.4,0,1,"89,878,988",0,0,6,7,Myristicaceae,Myristica subalulata,Anonychomyrma,ANON013,,6,,,,
1400 - 0993,29-Jul-13,N.Plowman,1400,1053,N,0.4,0,1,9030-9031,9,9,1,1,Sapindaceae,Ganophyllum falcatum,Anonychomyrma,ANON013,,2,,,,
1500 - 1031,30-Jul-13,N.Plowman,1500,1071,N,12,31.8,2,9068-9070,NA,NA,NA,NA,Myristicaceae,Myristica subalulata,NA,UNOCCUPIED,,0,,,,
1500 - 1026,30-Jul-13,N.Plowman,1500,1065,N,12,41.9,3,9054-9055,NA,NA,NA,NA,Myristicaceae,Myristica subalulata,NA,UNOCCUPIED,,,,,,
1500 - 1025,29-Jul-13,N.Plowman,1500,1064,N,3,3.7,3,9052-9053,3,14,11,24,Sapindaceae,Ganophyllum falcatum,Anonychomyrma,ANON013,,12,,,y,y
1500 - 0001,30-Jul-13,N.Plowman,1500,1067,Y,2.5,5.8,3,9058-9059,6,22,27,18,Meliaceae,Dysoxylum excelsum,Anonychomyrma,ANON013,,12,,,,
1500 - 1027,30-Jul-13,N.Plowman,1500,1066,N,2.4,5.7,2,9057-9056,0,0,1,38,Myristicaceae,Myristica subalulata,UNOCCUPIED,UNOCCUPIED,very mossy,,,,,
900 - 0602,28-Jun-13,N.Plowman,900,625,N,2.5,5.8,3,"82,598,260",0,3,17,21,Myristicaceae,Myristica subalulata,UNOCCUPIED,UNOCCUPIED,,,,,,
1600 - 1041,01-Aug-13,N.Plowman,1600,1081,N,2.5,8,2,9125,1,1,4,20,Myristicaceae,Myristica subalulata,UNOCCUPIED,UNOCCUPIED,brownish leaves,,,,,
1500 - 1023,29-Jul-13,N.Plowman,1500,1062,Y,1.2,0,1,9047-9048,7,20,7,18,Sapindaceae,Ganophyllum falcatum,Anonychomyrma,ANON013,,10,,,,
1500 - 1028,30-Jul-13,N.Plowman,1500,1068,N,0.8,0,3,9060-9061,0,1,6,6,Myristicaceae,Myristica subalulata,Anonychomyrma,ANON013,,1,,,,
1600 - 1045,01-Aug-13,N.Plowman,1600,1085,N,12,45,1,battery dead,NA,NA,NA,NA,Myristicaceae,Myristica subalulata,UNOCCUPIED,UNOCCUPIED,brownish leaves,0,,,,
1600 - 1033,01-Aug-13,N.Plowman,1600,1073,N,11,37.2,0,9109-9110,NA,NA,NA,NA,Myristicaceae,Myristica subalulata,UNOCCUPIED,UNOCCUPIED,brownish leaves,0,,,,
800 - 0447,25-Jun-13,N.Plowman,800,470,N,2.6,7.5,3,"80,588,059",0,3,17,6,Myristicaceae,Myristica subalulata,UNOCCUPIED,UNOCCUPIED,,,,,,
1200 - 0901,16-Jul-13,N.Plowman,1200,924,N,2.6,6.6,1,"88,128,813",0,0,0,7,Myristicaceae,Myristica subalulata,UNOCCUPIED,UNOCCUPIED,,,,,,
1400 - 0999,28-Jul-13,N.Plowman,1400,1037,N,2.6,20.7,1,"89,978,998",0,0,0,45,Myristicaceae,Myristica subalulata,UNOCCUPIED,UNOCCUPIED,,,,,,
1100 - 0865,11-Jul-13,N.Plowman,1100,887,N,3.5,9.4,1,8718,0,2,22,8,Myristicaceae,Myristica subalulata,UNOCCUPIED,UNOCCUPIED,,,,,,
1300 - 0952,25-Jul-13,N.Plowman,1300,984,N,3.6,7.5,3,"19,801,981",1,5,2,44,Myristicaceae,Myristica subalulata,UNOCCUPIED,UNOCCUPIED,tetramorium forager collected,,,,,
1600 - 1039,01-Aug-13,N.Plowman,1600,1079,N,3.7,7.9,3,9121-9122,2,7,10,65,Myristicaceae,Myristica subalulata,UNOCCUPIED,UNOCCUPIED,brownish leaves,,,,,
1000 - 0860,10-Jul-13,N.Plowman,1000,883,N,5,11.5,0,"87,038,704",0,0,0,24,Myristicaceae,Myristica subalulata,UNOCCUPIED,UNOCCUPIED,,,,,,
1100 - 0880,11-Jul-13,N.Plowman,1100,902,N,5,16,0,8750,NA,NA,NA,NA,Myristicaceae,Myristica subalulata,UNOCCUPIED,UNOCCUPIED,,,,,,
1100 - 0887,11-Jul-13,N.Plowman,1100,909,N,5.2,13,,8768-8770,0,0,9,41,Myristicaceae,Myristica subalulata,UNOCCUPIED,UNOCCUPIED,,,,,,
1600 - 1032,01-Aug-13,N.Plowman,1600,1072,N,5.5,10.8,2,9107-9108,NA,NA,NA,NA,Myristicaceae,Myristica subalulata,UNOCCUPIED,UNOCCUPIED,brownish leaves,,,,,
1000 - 0837,10-Jul-13,N.Plowman,1000,860,N,5.6,15.2,0,"86,558,656",0,0,5,12,Myristicaceae,Myristica subalulata,UNOCCUPIED,UNOCCUPIED,,,,,,
1100 - 0885,11-Jul-13,N.Plowman,1100,907,Y,5.7,3.9,3,"87,638,764",0,7,31,13,Myristicaceae,Myristica subalulata,UNOCCUPIED,UNOCCUPIED,,,,,,
1600 - 1047,01-Aug-13,N.Plowman,1600,1087,Y,6,20,2,battery dead,NA,NA,NA,NA,Myristicaceae,Myristica subalulata,UNOCCUPIED,UNOCCUPIED,brownish leaves,,,,,
1600 - 1040,01-Aug-13,N.Plowman,1600,1080,N,8,52.7,0,9123,NA,NA,NA,NA,Myristicaceae,Myristica subalulata,UNOCCUPIED,UNOCCUPIED,brownish leaves,,,,,
1600 - 1042,01-Aug-13,N.Plowman,1600,1082,N,9,35.6,1,9126,NA,NA,NA,NA,Myristicaceae,Myristica subalulata,UNOCCUPIED,UNOCCUPIED,brownish leaves,,,,,
